stock_id,date,MACD,Signal_Line,Signal
1,2024-09-03 04:00:00+00:00,,,
1,2024-09-04 04:00:00+00:00,,,
1,2024-09-05 04:00:00+00:00,,,
1,2024-09-06 04:00:00+00:00,,,
1,2024-09-09 04:00:00+00:00,,,
1,2024-09-10 04:00:00+00:00,,,
1,2024-09-11 04:00:00+00:00,,,
1,2024-09-12 04:00:00+00:00,,,
1,2024-09-13 04:00:00+00:00,,,
1,2024-09-16 04:00:00+00:00,,,
1,2024-09-17 04:00:00+00:00,,,
1,2024-09-18 04:00:00+00:00,,,
1,2024-09-19 04:00:00+00:00,,,
1,2024-09-20 04:00:00+00:00,,,
1,2024-09-23 04:00:00+00:00,,,
1,2024-09-24 04:00:00+00:00,,,
1,2024-09-25 04:00:00+00:00,,,
1,2024-09-26 04:00:00+00:00,,,
1,2024-09-27 04:00:00+00:00,,,
1,2024-09-30 04:00:00+00:00,,,
1,2024-10-01 04:00:00+00:00,,,
1,2024-10-02 04:00:00+00:00,,,
1,2024-10-03 04:00:00+00:00,,,
1,2024-10-04 04:00:00+00:00,,,
1,2024-10-07 04:00:00+00:00,,,
1,2024-10-08 04:00:00+00:00,0.82,1.1,Sell
1,2024-10-09 04:00:00+00:00,1.06,1.09,Sell
1,2024-10-10 04:00:00+00:00,1.2,1.11,Buy
1,2024-10-11 04:00:00+00:00,1.18,1.13,Buy
1,2024-10-14 04:00:00+00:00,1.44,1.19,Buy
1,2024-10-15 04:00:00+00:00,1.84,1.32,Buy
1,2024-10-16 04:00:00+00:00,1.96,1.45,Buy
1,2024-10-17 04:00:00+00:00,2.07,1.57,Buy
1,2024-10-18 04:00:00+00:00,2.35,1.73,Buy
1,2024-10-21 04:00:00+00:00,2.67,1.92,Buy
1,2024-10-22 04:00:00+00:00,2.83,2.1,Buy
1,2024-10-23 04:00:00+00:00,2.53,2.19,Buy
1,2024-10-24 04:00:00+00:00,2.24,2.2,Buy
1,2024-10-25 04:00:00+00:00,2.06,2.17,Sell
1,2024-10-28 04:00:00+00:00,2.05,2.15,Sell
1,2024-10-29 04:00:00+00:00,2.04,2.13,Sell
1,2024-10-30 04:00:00+00:00,1.73,2.05,Sell
1,2024-10-31 04:00:00+00:00,1.13,1.86,Sell
1,2024-11-01 04:00:00+00:00,0.41,1.57,Sell
1,2024-11-04 05:00:00+00:00,-0.23,1.21,Sell
1,2024-11-05 05:00:00+00:00,-0.62,0.85,Sell
1,2024-11-06 05:00:00+00:00,-0.97,0.48,Sell
1,2024-11-07 05:00:00+00:00,-0.85,0.22,Sell
1,2024-11-08 05:00:00+00:00,-0.78,0.02,Sell
1,2024-11-11 05:00:00+00:00,-0.93,-0.17,Sell
1,2024-11-12 05:00:00+00:00,-1.03,-0.34,Sell
1,2024-11-13 05:00:00+00:00,-1.03,-0.48,Sell
1,2024-11-14 05:00:00+00:00,-0.77,-0.54,Sell
1,2024-11-15 05:00:00+00:00,-0.82,-0.6,Sell
1,2024-11-18 05:00:00+00:00,-0.6,-0.6,Sell
1,2024-11-19 05:00:00+00:00,-0.41,-0.56,Buy
1,2024-11-20 05:00:00+00:00,-0.19,-0.49,Buy
1,2024-11-21 05:00:00+00:00,-0.06,-0.4,Buy
1,2024-11-22 05:00:00+00:00,0.15,-0.29,Buy
1,2024-11-25 05:00:00+00:00,0.56,-0.12,Buy
1,2024-11-26 05:00:00+00:00,1.04,0.11,Buy
1,2024-11-27 05:00:00+00:00,1.4,0.37,Buy
1,2024-11-29 05:00:00+00:00,1.85,0.67,Buy
1,2024-12-02 05:00:00+00:00,2.37,1.01,Buy
1,2024-12-03 05:00:00+00:00,2.99,1.4,Buy
1,2024-12-04 05:00:00+00:00,3.47,1.82,Buy
1,2024-12-05 05:00:00+00:00,3.81,2.22,Buy
1,2024-12-06 05:00:00+00:00,4.02,2.58,Buy
1,2024-12-09 05:00:00+00:00,4.45,2.95,Buy
1,2024-12-10 05:00:00+00:00,4.81,3.32,Buy
1,2024-12-11 05:00:00+00:00,4.94,3.65,Buy
1,2024-12-12 05:00:00+00:00,5.1,3.94,Buy
1,2024-12-13 05:00:00+00:00,5.19,4.19,Buy
1,2024-12-16 05:00:00+00:00,5.42,4.43,Buy
1,2024-12-17 05:00:00+00:00,5.74,4.7,Buy
1,2024-12-18 05:00:00+00:00,5.49,4.86,Buy
1,2024-12-19 05:00:00+00:00,5.38,4.96,Buy
1,2024-12-20 05:00:00+00:00,5.6,5.09,Buy
1,2024-12-23 05:00:00+00:00,5.77,5.22,Buy
1,2024-12-24 05:00:00+00:00,6.07,5.39,Buy
1,2024-12-26 05:00:00+00:00,6.3,5.57,Buy
1,2024-12-27 05:00:00+00:00,6.14,5.69,Buy
1,2024-12-30 05:00:00+00:00,5.67,5.68,Sell
1,2024-12-31 05:00:00+00:00,5.1,5.57,Sell
1,2025-01-02 05:00:00+00:00,4.07,5.27,Sell
1,2025-01-03 05:00:00+00:00,3.17,4.85,Sell
1,2025-01-06 05:00:00+00:00,2.57,4.39,Sell
1,2025-01-07 05:00:00+00:00,1.84,3.88,Sell
1,2025-01-08 05:00:00+00:00,1.29,3.36,Sell
1,2025-01-10 05:00:00+00:00,0.38,2.77,Sell
1,2025-01-13 05:00:00+00:00,-0.53,2.11,Sell
1,2025-01-14 05:00:00+00:00,-1.33,1.42,Sell
1,2025-01-15 05:00:00+00:00,-1.58,0.82,Sell
1,2025-01-16 05:00:00+00:00,-2.52,0.15,Sell
1,2025-01-17 05:00:00+00:00,-3.09,-0.5,Sell
1,2025-01-21 05:00:00+00:00,-4.09,-1.21,Sell
1,2025-01-22 05:00:00+00:00,-4.73,-1.92,Sell
1,2025-01-23 05:00:00+00:00,-5.19,-2.57,Sell
1,2025-01-24 05:00:00+00:00,-5.56,-3.17,Sell
1,2025-01-27 05:00:00+00:00,-5.22,-3.58,Sell
1,2025-01-28 05:00:00+00:00,-4.23,-3.71,Sell
1,2025-01-29 05:00:00+00:00,-3.32,-3.63,Buy
1,2025-01-30 05:00:00+00:00,-2.7,-3.45,Buy
1,2025-01-31 05:00:00+00:00,-2.32,-3.22,Buy
1,2025-02-03 05:00:00+00:00,-2.63,-3.1,Buy
1,2025-02-04 05:00:00+00:00,-2.46,-2.97,Buy
1,2025-02-05 05:00:00+00:00,-2.33,-2.84,Buy
1,2025-02-06 05:00:00+00:00,-2.14,-2.7,Buy
1,2025-02-07 05:00:00+00:00,-2.41,-2.64,Buy
1,2025-02-10 05:00:00+00:00,-2.57,-2.63,Buy
1,2025-02-11 05:00:00+00:00,-2.27,-2.56,Buy
1,2025-02-12 05:00:00+00:00,-1.67,-2.38,Buy
1,2025-02-13 05:00:00+00:00,-0.81,-2.07,Buy
1,2025-02-14 05:00:00+00:00,0.11,-1.63,Buy
1,2025-02-18 05:00:00+00:00,0.83,-1.14,Buy
1,2025-02-19 05:00:00+00:00,1.41,-0.63,Buy
1,2025-02-20 05:00:00+00:00,1.93,-0.12,Buy
1,2025-02-21 05:00:00+00:00,2.29,0.36,Buy
1,2025-02-24 05:00:00+00:00,2.67,0.82,Buy
1,2025-02-25 05:00:00+00:00,2.93,1.25,Buy
1,2025-02-26 05:00:00+00:00,2.57,1.51,Buy
1,2025-02-27 05:00:00+00:00,2.02,1.61,Buy
1,2025-02-28 05:00:00+00:00,1.92,1.67,Buy
2,2024-09-03 04:00:00+00:00,,,
2,2024-09-04 04:00:00+00:00,,,
2,2024-09-05 04:00:00+00:00,,,
2,2024-09-06 04:00:00+00:00,,,
2,2024-09-09 04:00:00+00:00,,,
2,2024-09-10 04:00:00+00:00,,,
2,2024-09-11 04:00:00+00:00,,,
2,2024-09-12 04:00:00+00:00,,,
2,2024-09-13 04:00:00+00:00,,,
2,2024-09-16 04:00:00+00:00,,,
2,2024-09-17 04:00:00+00:00,,,
2,2024-09-18 04:00:00+00:00,,,
2,2024-09-19 04:00:00+00:00,,,
2,2024-09-20 04:00:00+00:00,,,
2,2024-09-23 04:00:00+00:00,,,
2,2024-09-24 04:00:00+00:00,,,
2,2024-09-25 04:00:00+00:00,,,
2,2024-09-26 04:00:00+00:00,,,
2,2024-09-27 04:00:00+00:00,,,
2,2024-09-30 04:00:00+00:00,,,
2,2024-10-01 04:00:00+00:00,,,
2,2024-10-02 04:00:00+00:00,,,
2,2024-10-03 04:00:00+00:00,,,
2,2024-10-04 04:00:00+00:00,,,
2,2024-10-07 04:00:00+00:00,,,
2,2024-10-08 04:00:00+00:00,-0.44,2.29,Sell
2,2024-10-09 04:00:00+00:00,-0.62,1.71,Sell
2,2024-10-10 04:00:00+00:00,-0.89,1.19,Sell
2,2024-10-11 04:00:00+00:00,-1.05,0.74,Sell
2,2024-10-14 04:00:00+00:00,-0.94,0.41,Sell
2,2024-10-15 04:00:00+00:00,-0.88,0.15,Sell
2,2024-10-16 04:00:00+00:00,-1.02,-0.09,Sell
2,2024-10-17 04:00:00+00:00,-1.08,-0.28,Sell
2,2024-10-18 04:00:00+00:00,-1.0,-0.43,Sell
2,2024-10-21 04:00:00+00:00,-0.87,-0.52,Sell
2,2024-10-22 04:00:00+00:00,-0.07,-0.43,Buy
2,2024-10-23 04:00:00+00:00,0.33,-0.27,Buy
2,2024-10-24 04:00:00+00:00,0.65,-0.09,Buy
2,2024-10-25 04:00:00+00:00,1.16,0.16,Buy
2,2024-10-28 04:00:00+00:00,1.43,0.41,Buy
2,2024-10-29 04:00:00+00:00,2.04,0.74,Buy
2,2024-10-30 04:00:00+00:00,2.55,1.1,Buy
2,2024-10-31 04:00:00+00:00,0.84,1.05,Sell
2,2024-11-01 04:00:00+00:00,-0.19,0.8,Sell
2,2024-11-04 05:00:00+00:00,-1.15,0.41,Sell
2,2024-11-05 05:00:00+00:00,-1.65,-0.0,Sell
2,2024-11-06 05:00:00+00:00,-1.33,-0.27,Sell
2,2024-11-07 05:00:00+00:00,-0.65,-0.34,Sell
2,2024-11-08 05:00:00+00:00,-0.33,-0.34,Buy
2,2024-11-11 05:00:00+00:00,-0.44,-0.36,Sell
2,2024-11-12 05:00:00+00:00,-0.13,-0.31,Buy
2,2024-11-13 05:00:00+00:00,0.3,-0.19,Buy
2,2024-11-14 05:00:00+00:00,0.76,-0.0,Buy
2,2024-11-15 05:00:00+00:00,0.17,0.03,Buy
2,2024-11-18 05:00:00+00:00,-0.24,-0.02,Sell
2,2024-11-19 05:00:00+00:00,-0.39,-0.1,Sell
2,2024-11-20 05:00:00+00:00,-0.69,-0.22,Sell
2,2024-11-21 05:00:00+00:00,-1.06,-0.38,Sell
2,2024-11-22 05:00:00+00:00,-1.01,-0.51,Sell
2,2024-11-25 05:00:00+00:00,-0.81,-0.57,Sell
2,2024-11-26 05:00:00+00:00,0.08,-0.44,Buy
2,2024-11-27 05:00:00+00:00,0.38,-0.27,Buy
2,2024-11-29 05:00:00+00:00,0.65,-0.09,Buy
2,2024-12-02 05:00:00+00:00,1.46,0.22,Buy
2,2024-12-03 05:00:00+00:00,2.09,0.59,Buy
2,2024-12-04 05:00:00+00:00,3.05,1.09,Buy
2,2024-12-05 05:00:00+00:00,4.19,1.71,Buy
2,2024-12-06 05:00:00+00:00,5.1,2.38,Buy
2,2024-12-09 05:00:00+00:00,5.96,3.1,Buy
2,2024-12-10 05:00:00+00:00,6.35,3.75,Buy
2,2024-12-11 05:00:00+00:00,7.03,4.4,Buy
2,2024-12-12 05:00:00+00:00,7.53,5.03,Buy
2,2024-12-13 05:00:00+00:00,7.65,5.55,Buy
2,2024-12-16 05:00:00+00:00,8.01,6.04,Buy
2,2024-12-17 05:00:00+00:00,8.42,6.52,Buy
2,2024-12-18 05:00:00+00:00,7.29,6.67,Buy
2,2024-12-19 05:00:00+00:00,6.29,6.6,Sell
2,2024-12-20 05:00:00+00:00,5.4,6.36,Sell
2,2024-12-23 05:00:00+00:00,4.54,6.0,Sell
2,2024-12-24 05:00:00+00:00,4.14,5.62,Sell
2,2024-12-26 05:00:00+00:00,3.68,5.23,Sell
2,2024-12-27 05:00:00+00:00,2.67,4.72,Sell
2,2024-12-30 05:00:00+00:00,1.4,4.06,Sell
2,2024-12-31 05:00:00+00:00,0.12,3.27,Sell
2,2025-01-02 05:00:00+00:00,-1.12,2.39,Sell
2,2025-01-03 05:00:00+00:00,-1.69,1.57,Sell
2,2025-01-06 05:00:00+00:00,-1.77,0.91,Sell
2,2025-01-07 05:00:00+00:00,-2.24,0.28,Sell
2,2025-01-08 05:00:00+00:00,-2.41,-0.26,Sell
2,2025-01-10 05:00:00+00:00,-2.96,-0.8,Sell
2,2025-01-13 05:00:00+00:00,-3.5,-1.34,Sell
2,2025-01-14 05:00:00+00:00,-4.01,-1.87,Sell
2,2025-01-15 05:00:00+00:00,-3.51,-2.2,Sell
2,2025-01-16 05:00:00+00:00,-3.22,-2.4,Sell
2,2025-01-17 05:00:00+00:00,-2.6,-2.44,Sell
2,2025-01-21 05:00:00+00:00,-2.12,-2.38,Buy
2,2025-01-22 05:00:00+00:00,-0.32,-1.97,Buy
2,2025-01-23 05:00:00+00:00,1.14,-1.35,Buy
2,2025-01-24 05:00:00+00:00,2.06,-0.67,Buy
2,2025-01-27 05:00:00+00:00,2.0,-0.13,Buy
2,2025-01-28 05:00:00+00:00,2.93,0.48,Buy
2,2025-01-29 05:00:00+00:00,3.24,1.03,Buy
2,2025-01-30 05:00:00+00:00,1.28,1.08,Buy
2,2025-01-31 05:00:00+00:00,-0.28,0.81,Sell
2,2025-02-03 05:00:00+00:00,-1.82,0.28,Sell
2,2025-02-04 05:00:00+00:00,-2.89,-0.35,Sell
2,2025-02-05 05:00:00+00:00,-3.62,-1.01,Sell
2,2025-02-06 05:00:00+00:00,-3.96,-1.6,Sell
2,2025-02-07 05:00:00+00:00,-4.65,-2.21,Sell
2,2025-02-10 05:00:00+00:00,-4.95,-2.76,Sell
2,2025-02-11 05:00:00+00:00,-5.19,-3.24,Sell
2,2025-02-12 05:00:00+00:00,-5.51,-3.7,Sell
2,2025-02-13 05:00:00+00:00,-5.58,-4.07,Sell
2,2025-02-14 05:00:00+00:00,-5.73,-4.4,Sell
2,2025-02-18 05:00:00+00:00,-5.7,-4.66,Sell
2,2025-02-19 05:00:00+00:00,-5.19,-4.77,Sell
2,2025-02-20 05:00:00+00:00,-4.56,-4.73,Buy
2,2025-02-21 05:00:00+00:00,-4.65,-4.71,Buy
2,2025-02-24 05:00:00+00:00,-5.0,-4.77,Sell
2,2025-02-25 05:00:00+00:00,-5.71,-4.96,Sell
2,2025-02-26 05:00:00+00:00,-6.05,-5.18,Sell
2,2025-02-27 05:00:00+00:00,-6.82,-5.51,Sell
2,2025-02-28 05:00:00+00:00,-6.99,-5.8,Sell
3,2024-09-03 04:00:00+00:00,,,
3,2024-09-04 04:00:00+00:00,,,
3,2024-09-05 04:00:00+00:00,,,
3,2024-09-06 04:00:00+00:00,,,
3,2024-09-09 04:00:00+00:00,,,
3,2024-09-10 04:00:00+00:00,,,
3,2024-09-11 04:00:00+00:00,,,
3,2024-09-12 04:00:00+00:00,,,
3,2024-09-13 04:00:00+00:00,,,
3,2024-09-16 04:00:00+00:00,,,
3,2024-09-17 04:00:00+00:00,,,
3,2024-09-18 04:00:00+00:00,,,
3,2024-09-19 04:00:00+00:00,,,
3,2024-09-20 04:00:00+00:00,,,
3,2024-09-23 04:00:00+00:00,,,
3,2024-09-24 04:00:00+00:00,,,
3,2024-09-25 04:00:00+00:00,,,
3,2024-09-26 04:00:00+00:00,,,
3,2024-09-27 04:00:00+00:00,,,
3,2024-09-30 04:00:00+00:00,,,
3,2024-10-01 04:00:00+00:00,,,
3,2024-10-02 04:00:00+00:00,,,
3,2024-10-03 04:00:00+00:00,,,
3,2024-10-04 04:00:00+00:00,,,
3,2024-10-07 04:00:00+00:00,,,
3,2024-10-08 04:00:00+00:00,2.28,2.15,Buy
3,2024-10-09 04:00:00+00:00,1.95,2.11,Sell
3,2024-10-10 04:00:00+00:00,1.69,2.02,Sell
3,2024-10-11 04:00:00+00:00,1.56,1.93,Sell
3,2024-10-14 04:00:00+00:00,1.57,1.86,Sell
3,2024-10-15 04:00:00+00:00,1.61,1.81,Sell
3,2024-10-16 04:00:00+00:00,1.59,1.77,Sell
3,2024-10-17 04:00:00+00:00,1.39,1.69,Sell
3,2024-10-18 04:00:00+00:00,1.25,1.6,Sell
3,2024-10-21 04:00:00+00:00,1.17,1.52,Sell
3,2024-10-22 04:00:00+00:00,1.19,1.45,Sell
3,2024-10-23 04:00:00+00:00,1.0,1.36,Sell
3,2024-10-24 04:00:00+00:00,0.84,1.26,Sell
3,2024-10-25 04:00:00+00:00,0.9,1.19,Sell
3,2024-10-28 04:00:00+00:00,1.06,1.16,Sell
3,2024-10-29 04:00:00+00:00,1.4,1.21,Buy
3,2024-10-30 04:00:00+00:00,2.04,1.37,Buy
3,2024-10-31 04:00:00+00:00,2.25,1.55,Buy
3,2024-11-01 04:00:00+00:00,2.4,1.72,Buy
3,2024-11-04 05:00:00+00:00,2.33,1.84,Buy
3,2024-11-05 05:00:00+00:00,2.28,1.93,Buy
3,2024-11-06 05:00:00+00:00,2.76,2.09,Buy
3,2024-11-07 05:00:00+00:00,3.44,2.36,Buy
3,2024-11-08 05:00:00+00:00,3.75,2.64,Buy
3,2024-11-11 05:00:00+00:00,4.1,2.93,Buy
3,2024-11-12 05:00:00+00:00,4.43,3.23,Buy
3,2024-11-13 05:00:00+00:00,4.42,3.47,Buy
3,2024-11-14 05:00:00+00:00,4.1,3.6,Buy
3,2024-11-15 05:00:00+00:00,3.56,3.59,Sell
3,2024-11-18 05:00:00+00:00,3.32,3.54,Sell
3,2024-11-19 05:00:00+00:00,3.32,3.49,Sell
3,2024-11-20 05:00:00+00:00,3.1,3.41,Sell
3,2024-11-21 05:00:00+00:00,2.24,3.18,Sell
3,2024-11-22 05:00:00+00:00,1.31,2.81,Sell
3,2024-11-25 05:00:00+00:00,0.79,2.4,Sell
3,2024-11-26 05:00:00+00:00,0.5,2.02,Sell
3,2024-11-27 05:00:00+00:00,0.27,1.67,Sell
3,2024-11-29 05:00:00+00:00,0.07,1.35,Sell
3,2024-12-02 05:00:00+00:00,0.11,1.1,Sell
3,2024-12-03 05:00:00+00:00,0.13,0.91,Sell
3,2024-12-04 05:00:00+00:00,0.38,0.8,Sell
3,2024-12-05 05:00:00+00:00,0.44,0.73,Sell
3,2024-12-06 05:00:00+00:00,0.64,0.71,Sell
3,2024-12-09 05:00:00+00:00,0.86,0.74,Buy
3,2024-12-10 05:00:00+00:00,1.81,0.96,Buy
3,2024-12-11 05:00:00+00:00,3.34,1.43,Buy
3,2024-12-12 05:00:00+00:00,4.23,1.99,Buy
3,2024-12-13 05:00:00+00:00,4.71,2.54,Buy
3,2024-12-16 05:00:00+00:00,5.58,3.15,Buy
3,2024-12-17 05:00:00+00:00,6.1,3.74,Buy
3,2024-12-18 05:00:00+00:00,5.87,4.16,Buy
3,2024-12-19 05:00:00+00:00,5.64,4.46,Buy
3,2024-12-20 05:00:00+00:00,5.62,4.69,Buy
3,2024-12-23 05:00:00+00:00,5.8,4.91,Buy
3,2024-12-24 05:00:00+00:00,5.99,5.13,Buy
3,2024-12-26 05:00:00+00:00,6.04,5.31,Buy
3,2024-12-27 05:00:00+00:00,5.77,5.4,Buy
3,2024-12-30 05:00:00+00:00,5.38,5.4,Sell
3,2024-12-31 05:00:00+00:00,4.86,5.29,Sell
3,2025-01-02 05:00:00+00:00,4.4,5.11,Sell
3,2025-01-03 05:00:00+00:00,4.18,4.93,Sell
3,2025-01-06 05:00:00+00:00,4.37,4.82,Sell
3,2025-01-07 05:00:00+00:00,4.36,4.72,Sell
3,2025-01-08 05:00:00+00:00,4.17,4.61,Sell
3,2025-01-10 05:00:00+00:00,3.83,4.46,Sell
3,2025-01-13 05:00:00+00:00,3.43,4.25,Sell
3,2025-01-14 05:00:00+00:00,2.98,4.0,Sell
3,2025-01-15 05:00:00+00:00,3.06,3.81,Sell
3,2025-01-16 05:00:00+00:00,2.87,3.62,Sell
3,2025-01-17 05:00:00+00:00,2.94,3.49,Sell
3,2025-01-21 05:00:00+00:00,3.13,3.41,Sell
3,2025-01-22 05:00:00+00:00,3.26,3.38,Sell
3,2025-01-23 05:00:00+00:00,3.3,3.37,Sell
3,2025-01-24 05:00:00+00:00,3.47,3.39,Buy
3,2025-01-27 05:00:00+00:00,2.89,3.29,Sell
3,2025-01-28 05:00:00+00:00,2.68,3.17,Sell
3,2025-01-29 05:00:00+00:00,2.5,3.03,Sell
3,2025-01-30 05:00:00+00:00,2.76,2.98,Sell
3,2025-01-31 05:00:00+00:00,3.19,3.02,Buy
3,2025-02-03 05:00:00+00:00,3.26,3.07,Buy
3,2025-02-04 05:00:00+00:00,3.69,3.19,Buy
3,2025-02-05 05:00:00+00:00,2.79,3.11,Sell
3,2025-02-06 05:00:00+00:00,2.07,2.9,Sell
3,2025-02-07 05:00:00+00:00,0.99,2.52,Sell
3,2025-02-10 05:00:00+00:00,0.22,2.06,Sell
3,2025-02-11 05:00:00+00:00,-0.48,1.55,Sell
3,2025-02-12 05:00:00+00:00,-1.16,1.01,Sell
3,2025-02-13 05:00:00+00:00,-1.48,0.51,Sell
3,2025-02-14 05:00:00+00:00,-1.78,0.05,Sell
3,2025-02-18 05:00:00+00:00,-2.11,-0.38,Sell
3,2025-02-19 05:00:00+00:00,-2.23,-0.75,Sell
3,2025-02-20 05:00:00+00:00,-2.35,-1.07,Sell
3,2025-02-21 05:00:00+00:00,-2.81,-1.42,Sell
3,2025-02-24 05:00:00+00:00,-3.18,-1.77,Sell
3,2025-02-25 05:00:00+00:00,-3.73,-2.16,Sell
3,2025-02-26 05:00:00+00:00,-4.33,-2.6,Sell
3,2025-02-27 05:00:00+00:00,-5.09,-3.1,Sell
3,2025-02-28 05:00:00+00:00,-5.49,-3.57,Sell
4,2024-09-03 04:00:00+00:00,,,
4,2024-09-04 04:00:00+00:00,,,
4,2024-09-05 04:00:00+00:00,,,
4,2024-09-06 04:00:00+00:00,,,
4,2024-09-09 04:00:00+00:00,,,
4,2024-09-10 04:00:00+00:00,,,
4,2024-09-11 04:00:00+00:00,,,
4,2024-09-12 04:00:00+00:00,,,
4,2024-09-13 04:00:00+00:00,,,
4,2024-09-16 04:00:00+00:00,,,
4,2024-09-17 04:00:00+00:00,,,
4,2024-09-18 04:00:00+00:00,,,
4,2024-09-19 04:00:00+00:00,,,
4,2024-09-20 04:00:00+00:00,,,
4,2024-09-23 04:00:00+00:00,,,
4,2024-09-24 04:00:00+00:00,,,
4,2024-09-25 04:00:00+00:00,,,
4,2024-09-26 04:00:00+00:00,,,
4,2024-09-27 04:00:00+00:00,,,
4,2024-09-30 04:00:00+00:00,,,
4,2024-10-01 04:00:00+00:00,,,
4,2024-10-02 04:00:00+00:00,,,
4,2024-10-03 04:00:00+00:00,,,
4,2024-10-04 04:00:00+00:00,,,
4,2024-10-07 04:00:00+00:00,,,
4,2024-10-08 04:00:00+00:00,0.84,2.08,Sell
4,2024-10-09 04:00:00+00:00,0.78,1.82,Sell
4,2024-10-10 04:00:00+00:00,0.84,1.62,Sell
4,2024-10-11 04:00:00+00:00,1.06,1.51,Sell
4,2024-10-14 04:00:00+00:00,1.11,1.43,Sell
4,2024-10-15 04:00:00+00:00,1.15,1.37,Sell
4,2024-10-16 04:00:00+00:00,1.1,1.32,Sell
4,2024-10-17 04:00:00+00:00,1.1,1.28,Sell
4,2024-10-18 04:00:00+00:00,1.21,1.26,Sell
4,2024-10-21 04:00:00+00:00,1.29,1.27,Buy
4,2024-10-22 04:00:00+00:00,1.38,1.29,Buy
4,2024-10-23 04:00:00+00:00,1.04,1.24,Sell
4,2024-10-24 04:00:00+00:00,0.9,1.17,Sell
4,2024-10-25 04:00:00+00:00,0.89,1.12,Sell
4,2024-10-28 04:00:00+00:00,0.92,1.08,Sell
4,2024-10-29 04:00:00+00:00,1.12,1.09,Buy
4,2024-10-30 04:00:00+00:00,1.42,1.15,Buy
4,2024-10-31 04:00:00+00:00,1.14,1.15,Sell
4,2024-11-01 04:00:00+00:00,1.82,1.28,Buy
4,2024-11-04 05:00:00+00:00,2.16,1.46,Buy
4,2024-11-05 05:00:00+00:00,2.7,1.71,Buy
4,2024-11-06 05:00:00+00:00,3.7,2.11,Buy
4,2024-11-07 05:00:00+00:00,4.68,2.62,Buy
4,2024-11-08 05:00:00+00:00,5.24,3.15,Buy
4,2024-11-11 05:00:00+00:00,5.52,3.62,Buy
4,2024-11-12 05:00:00+00:00,5.83,4.06,Buy
4,2024-11-13 05:00:00+00:00,6.43,4.54,Buy
4,2024-11-14 05:00:00+00:00,6.61,4.95,Buy
4,2024-11-15 05:00:00+00:00,5.97,5.16,Buy
4,2024-11-18 05:00:00+00:00,5.33,5.19,Buy
4,2024-11-19 05:00:00+00:00,5.0,5.15,Sell
4,2024-11-20 05:00:00+00:00,4.55,5.03,Sell
4,2024-11-21 05:00:00+00:00,3.78,4.78,Sell
4,2024-11-22 05:00:00+00:00,3.04,4.43,Sell
4,2024-11-25 05:00:00+00:00,2.77,4.1,Sell
4,2024-11-26 05:00:00+00:00,3.03,3.89,Sell
4,2024-11-27 05:00:00+00:00,3.04,3.72,Sell
4,2024-11-29 05:00:00+00:00,3.18,3.61,Sell
4,2024-12-02 05:00:00+00:00,3.48,3.58,Sell
4,2024-12-03 05:00:00+00:00,3.89,3.64,Buy
4,2024-12-04 05:00:00+00:00,4.54,3.82,Buy
4,2024-12-05 05:00:00+00:00,5.2,4.1,Buy
4,2024-12-06 05:00:00+00:00,6.17,4.51,Buy
4,2024-12-09 05:00:00+00:00,6.78,4.97,Buy
4,2024-12-10 05:00:00+00:00,7.1,5.39,Buy
4,2024-12-11 05:00:00+00:00,7.69,5.85,Buy
4,2024-12-12 05:00:00+00:00,7.95,6.27,Buy
4,2024-12-13 05:00:00+00:00,7.95,6.61,Buy
4,2024-12-16 05:00:00+00:00,8.3,6.95,Buy
4,2024-12-17 05:00:00+00:00,8.33,7.22,Buy
4,2024-12-18 05:00:00+00:00,7.42,7.26,Buy
4,2024-12-19 05:00:00+00:00,6.84,7.18,Sell
4,2024-12-20 05:00:00+00:00,6.43,7.03,Sell
4,2024-12-23 05:00:00+00:00,6.05,6.83,Sell
4,2024-12-24 05:00:00+00:00,6.01,6.67,Sell
4,2024-12-26 05:00:00+00:00,5.74,6.48,Sell
4,2024-12-27 05:00:00+00:00,5.21,6.23,Sell
4,2024-12-30 05:00:00+00:00,4.53,5.89,Sell
4,2024-12-31 05:00:00+00:00,3.8,5.47,Sell
4,2025-01-02 05:00:00+00:00,3.25,5.03,Sell
4,2025-01-03 05:00:00+00:00,3.09,4.64,Sell
4,2025-01-06 05:00:00+00:00,3.21,4.35,Sell
4,2025-01-07 05:00:00+00:00,2.83,4.05,Sell
4,2025-01-08 05:00:00+00:00,2.5,3.74,Sell
4,2025-01-10 05:00:00+00:00,1.96,3.38,Sell
4,2025-01-13 05:00:00+00:00,1.47,3.0,Sell
4,2025-01-14 05:00:00+00:00,1.02,2.6,Sell
4,2025-01-15 05:00:00+00:00,1.1,2.3,Sell
4,2025-01-16 05:00:00+00:00,0.94,2.03,Sell
4,2025-01-17 05:00:00+00:00,1.22,1.87,Sell
4,2025-01-21 05:00:00+00:00,1.8,1.85,Sell
4,2025-01-22 05:00:00+00:00,2.59,2.0,Buy
4,2025-01-23 05:00:00+00:00,3.2,2.24,Buy
4,2025-01-24 05:00:00+00:00,3.6,2.51,Buy
4,2025-01-27 05:00:00+00:00,3.92,2.8,Buy
4,2025-01-28 05:00:00+00:00,4.34,3.11,Buy
4,2025-01-29 05:00:00+00:00,4.54,3.39,Buy
4,2025-01-30 05:00:00+00:00,4.45,3.6,Buy
4,2025-01-31 05:00:00+00:00,4.57,3.8,Buy
4,2025-02-03 05:00:00+00:00,4.59,3.95,Buy
4,2025-02-04 05:00:00+00:00,4.92,4.15,Buy
4,2025-02-05 05:00:00+00:00,4.66,4.25,Buy
4,2025-02-06 05:00:00+00:00,4.61,4.32,Buy
4,2025-02-07 05:00:00+00:00,3.75,4.21,Sell
4,2025-02-10 05:00:00+00:00,3.35,4.04,Sell
4,2025-02-11 05:00:00+00:00,2.97,3.82,Sell
4,2025-02-12 05:00:00+00:00,2.33,3.52,Sell
4,2025-02-13 05:00:00+00:00,1.92,3.2,Sell
4,2025-02-14 05:00:00+00:00,1.44,2.85,Sell
4,2025-02-18 05:00:00+00:00,0.88,2.45,Sell
4,2025-02-19 05:00:00+00:00,0.44,2.05,Sell
4,2025-02-20 05:00:00+00:00,-0.22,1.6,Sell
4,2025-02-21 05:00:00+00:00,-1.23,1.03,Sell
4,2025-02-24 05:00:00+00:00,-2.32,0.36,Sell
4,2025-02-25 05:00:00+00:00,-3.13,-0.34,Sell
4,2025-02-26 05:00:00+00:00,-3.62,-0.99,Sell
4,2025-02-27 05:00:00+00:00,-4.4,-1.67,Sell
4,2025-02-28 05:00:00+00:00,-4.68,-2.28,Sell
5,2024-09-03 04:00:00+00:00,,,
5,2024-09-04 04:00:00+00:00,,,
5,2024-09-05 04:00:00+00:00,,,
5,2024-09-06 04:00:00+00:00,,,
5,2024-09-09 04:00:00+00:00,,,
5,2024-09-10 04:00:00+00:00,,,
5,2024-09-11 04:00:00+00:00,,,
5,2024-09-12 04:00:00+00:00,,,
5,2024-09-13 04:00:00+00:00,,,
5,2024-09-16 04:00:00+00:00,,,
5,2024-09-17 04:00:00+00:00,,,
5,2024-09-18 04:00:00+00:00,,,
5,2024-09-19 04:00:00+00:00,,,
5,2024-09-20 04:00:00+00:00,,,
5,2024-09-23 04:00:00+00:00,,,
5,2024-09-24 04:00:00+00:00,,,
5,2024-09-25 04:00:00+00:00,,,
5,2024-09-26 04:00:00+00:00,,,
5,2024-09-27 04:00:00+00:00,,,
5,2024-09-30 04:00:00+00:00,,,
5,2024-10-01 04:00:00+00:00,,,
5,2024-10-02 04:00:00+00:00,,,
5,2024-10-03 04:00:00+00:00,,,
5,2024-10-04 04:00:00+00:00,,,
5,2024-10-07 04:00:00+00:00,,,
5,2024-10-08 04:00:00+00:00,7.05,8.79,Sell
5,2024-10-09 04:00:00+00:00,6.1,8.25,Sell
5,2024-10-10 04:00:00+00:00,5.11,7.62,Sell
5,2024-10-11 04:00:00+00:00,2.6,6.62,Sell
5,2024-10-14 04:00:00+00:00,0.71,5.44,Sell
5,2024-10-15 04:00:00+00:00,-0.74,4.2,Sell
5,2024-10-16 04:00:00+00:00,-1.73,3.01,Sell
5,2024-10-17 04:00:00+00:00,-2.52,1.91,Sell
5,2024-10-18 04:00:00+00:00,-3.13,0.9,Sell
5,2024-10-21 04:00:00+00:00,-3.72,-0.02,Sell
5,2024-10-22 04:00:00+00:00,-4.2,-0.86,Sell
5,2024-10-23 04:00:00+00:00,-4.88,-1.66,Sell
5,2024-10-24 04:00:00+00:00,-1.62,-1.66,Buy
5,2024-10-25 04:00:00+00:00,1.65,-1.0,Buy
5,2024-10-28 04:00:00+00:00,3.65,-0.07,Buy
5,2024-10-29 04:00:00+00:00,4.95,0.94,Buy
5,2024-10-30 04:00:00+00:00,5.75,1.9,Buy
5,2024-10-31 04:00:00+00:00,5.69,2.66,Buy
5,2024-11-01 04:00:00+00:00,5.52,3.23,Buy
5,2024-11-04 05:00:00+00:00,4.83,3.55,Buy
5,2024-11-05 05:00:00+00:00,4.92,3.82,Buy
5,2024-11-06 05:00:00+00:00,7.89,4.64,Buy
5,2024-11-07 05:00:00+00:00,10.8,5.87,Buy
5,2024-11-08 05:00:00+00:00,14.89,7.67,Buy
5,2024-11-11 05:00:00+00:00,20.23,10.18,Buy
5,2024-11-12 05:00:00+00:00,22.46,12.64,Buy
5,2024-11-13 05:00:00+00:00,24.09,14.93,Buy
5,2024-11-14 05:00:00+00:00,23.58,16.66,Buy
5,2024-11-15 05:00:00+00:00,23.66,18.06,Buy
5,2024-11-18 05:00:00+00:00,24.9,19.43,Buy
5,2024-11-19 05:00:00+00:00,26.17,20.78,Buy
5,2024-11-20 05:00:00+00:00,26.54,21.93,Buy
5,2024-11-21 05:00:00+00:00,26.34,22.81,Buy
5,2024-11-22 05:00:00+00:00,26.92,23.63,Buy
5,2024-11-25 05:00:00+00:00,25.95,24.1,Buy
5,2024-11-26 05:00:00+00:00,24.86,24.25,Buy
5,2024-11-27 05:00:00+00:00,23.3,24.06,Sell
5,2024-11-29 05:00:00+00:00,22.79,23.81,Sell
5,2024-12-02 05:00:00+00:00,23.09,23.66,Sell
5,2024-12-03 05:00:00+00:00,22.6,23.45,Sell
5,2024-12-04 05:00:00+00:00,22.48,23.26,Sell
5,2024-12-05 05:00:00+00:00,23.06,23.22,Sell
5,2024-12-06 05:00:00+00:00,24.82,23.54,Buy
5,2024-12-09 05:00:00+00:00,25.96,24.02,Buy
5,2024-12-10 05:00:00+00:00,27.45,24.71,Buy
5,2024-12-11 05:00:00+00:00,30.2,25.81,Buy
5,2024-12-12 05:00:00+00:00,31.48,26.94,Buy
5,2024-12-13 05:00:00+00:00,33.58,28.27,Buy
5,2024-12-16 05:00:00+00:00,36.97,30.01,Buy
5,2024-12-17 05:00:00+00:00,40.55,32.12,Buy
5,2024-12-18 05:00:00+00:00,39.72,33.64,Buy
5,2024-12-19 05:00:00+00:00,38.31,34.57,Buy
5,2024-12-20 05:00:00+00:00,35.55,34.77,Buy
5,2024-12-23 05:00:00+00:00,33.75,34.57,Sell
5,2024-12-24 05:00:00+00:00,34.49,34.55,Sell
5,2024-12-26 05:00:00+00:00,34.02,34.44,Sell
5,2024-12-27 05:00:00+00:00,31.47,33.85,Sell
5,2024-12-30 05:00:00+00:00,27.98,32.67,Sell
5,2024-12-31 05:00:00+00:00,23.84,30.91,Sell
5,2025-01-02 05:00:00+00:00,18.37,28.4,Sell
5,2025-01-03 05:00:00+00:00,16.36,25.99,Sell
5,2025-01-06 05:00:00+00:00,14.65,23.72,Sell
5,2025-01-07 05:00:00+00:00,11.8,21.34,Sell
5,2025-01-08 05:00:00+00:00,9.49,18.97,Sell
5,2025-01-10 05:00:00+00:00,7.55,16.69,Sell
5,2025-01-13 05:00:00+00:00,6.63,14.68,Sell
5,2025-01-14 05:00:00+00:00,5.28,12.8,Sell
5,2025-01-15 05:00:00+00:00,6.71,11.58,Sell
5,2025-01-16 05:00:00+00:00,6.6,10.58,Sell
5,2025-01-17 05:00:00+00:00,7.45,9.96,Sell
5,2025-01-21 05:00:00+00:00,7.83,9.53,Sell
5,2025-01-22 05:00:00+00:00,7.33,9.09,Sell
5,2025-01-23 05:00:00+00:00,6.64,8.6,Sell
5,2025-01-24 05:00:00+00:00,5.56,7.99,Sell
5,2025-01-27 05:00:00+00:00,3.89,7.17,Sell
5,2025-01-28 05:00:00+00:00,2.62,6.26,Sell
5,2025-01-29 05:00:00+00:00,0.88,5.19,Sell
5,2025-01-30 05:00:00+00:00,0.39,4.23,Sell
5,2025-01-31 05:00:00+00:00,0.35,3.45,Sell
5,2025-02-03 05:00:00+00:00,-1.35,2.49,Sell
5,2025-02-04 05:00:00+00:00,-1.99,1.6,Sell
5,2025-02-05 05:00:00+00:00,-3.59,0.56,Sell
5,2025-02-06 05:00:00+00:00,-5.11,-0.57,Sell
5,2025-02-07 05:00:00+00:00,-7.25,-1.91,Sell
5,2025-02-10 05:00:00+00:00,-9.72,-3.47,Sell
5,2025-02-11 05:00:00+00:00,-13.31,-5.44,Sell
5,2025-02-12 05:00:00+00:00,-15.34,-7.42,Sell
5,2025-02-13 05:00:00+00:00,-15.2,-8.97,Sell
5,2025-02-14 05:00:00+00:00,-14.93,-10.16,Sell
5,2025-02-18 05:00:00+00:00,-14.68,-11.07,Sell
5,2025-02-19 05:00:00+00:00,-13.81,-11.61,Sell
5,2025-02-20 05:00:00+00:00,-13.45,-11.98,Sell
5,2025-02-21 05:00:00+00:00,-14.35,-12.46,Sell
5,2025-02-24 05:00:00+00:00,-15.47,-13.06,Sell
5,2025-02-25 05:00:00+00:00,-18.38,-14.12,Sell
5,2025-02-26 05:00:00+00:00,-21.41,-15.58,Sell
5,2025-02-27 05:00:00+00:00,-24.24,-17.31,Sell
5,2025-02-28 05:00:00+00:00,-25.31,-18.91,Sell
6,2024-09-03 04:00:00+00:00,,,
6,2024-09-04 04:00:00+00:00,,,
6,2024-09-05 04:00:00+00:00,,,
6,2024-09-06 04:00:00+00:00,,,
6,2024-09-09 04:00:00+00:00,,,
6,2024-09-10 04:00:00+00:00,,,
6,2024-09-11 04:00:00+00:00,,,
6,2024-09-12 04:00:00+00:00,,,
6,2024-09-13 04:00:00+00:00,,,
6,2024-09-16 04:00:00+00:00,,,
6,2024-09-17 04:00:00+00:00,,,
6,2024-09-18 04:00:00+00:00,,,
6,2024-09-19 04:00:00+00:00,,,
6,2024-09-20 04:00:00+00:00,,,
6,2024-09-23 04:00:00+00:00,,,
6,2024-09-24 04:00:00+00:00,,,
6,2024-09-25 04:00:00+00:00,,,
6,2024-09-26 04:00:00+00:00,,,
6,2024-09-27 04:00:00+00:00,,,
6,2024-09-30 04:00:00+00:00,,,
6,2024-10-01 04:00:00+00:00,,,
6,2024-10-02 04:00:00+00:00,,,
6,2024-10-03 04:00:00+00:00,,,
6,2024-10-04 04:00:00+00:00,,,
6,2024-10-07 04:00:00+00:00,,,
6,2024-10-08 04:00:00+00:00,18.25,15.99,Buy
6,2024-10-09 04:00:00+00:00,18.15,16.42,Buy
6,2024-10-10 04:00:00+00:00,17.34,16.6,Buy
6,2024-10-11 04:00:00+00:00,16.99,16.68,Buy
6,2024-10-14 04:00:00+00:00,16.57,16.66,Sell
6,2024-10-15 04:00:00+00:00,15.71,16.47,Sell
6,2024-10-16 04:00:00+00:00,14.11,16.0,Sell
6,2024-10-17 04:00:00+00:00,12.7,15.34,Sell
6,2024-10-18 04:00:00+00:00,11.42,14.55,Sell
6,2024-10-21 04:00:00+00:00,10.18,13.68,Sell
6,2024-10-22 04:00:00+00:00,9.64,12.87,Sell
6,2024-10-23 04:00:00+00:00,7.64,11.83,Sell
6,2024-10-24 04:00:00+00:00,6.32,10.72,Sell
6,2024-10-25 04:00:00+00:00,5.65,9.71,Sell
6,2024-10-28 04:00:00+00:00,5.45,8.86,Sell
6,2024-10-29 04:00:00+00:00,6.43,8.37,Sell
6,2024-10-30 04:00:00+00:00,7.01,8.1,Sell
6,2024-10-31 04:00:00+00:00,5.46,7.57,Sell
6,2024-11-01 04:00:00+00:00,4.15,6.89,Sell
6,2024-11-04 05:00:00+00:00,2.55,6.02,Sell
6,2024-11-05 05:00:00+00:00,2.21,5.26,Sell
6,2024-11-06 05:00:00+00:00,1.89,4.59,Sell
6,2024-11-07 05:00:00+00:00,3.18,4.3,Sell
6,2024-11-08 05:00:00+00:00,3.97,4.24,Sell
6,2024-11-11 05:00:00+00:00,4.05,4.2,Sell
6,2024-11-12 05:00:00+00:00,4.2,4.2,Sell
6,2024-11-13 05:00:00+00:00,3.88,4.14,Sell
6,2024-11-14 05:00:00+00:00,3.36,3.98,Sell
6,2024-11-15 05:00:00+00:00,1.08,3.4,Sell
6,2024-11-18 05:00:00+00:00,-0.69,2.58,Sell
6,2024-11-19 05:00:00+00:00,-1.54,1.76,Sell
6,2024-11-20 05:00:00+00:00,-1.84,1.04,Sell
6,2024-11-21 05:00:00+00:00,-2.24,0.38,Sell
6,2024-11-22 05:00:00+00:00,-2.85,-0.26,Sell
6,2024-11-25 05:00:00+00:00,-2.82,-0.77,Sell
6,2024-11-26 05:00:00+00:00,-2.09,-1.04,Sell
6,2024-11-27 05:00:00+00:00,-1.84,-1.2,Sell
6,2024-11-29 05:00:00+00:00,-1.21,-1.2,Sell
6,2024-12-02 05:00:00+00:00,0.77,-0.81,Buy
6,2024-12-03 05:00:00+00:00,3.96,0.15,Buy
6,2024-12-04 05:00:00+00:00,6.44,1.41,Buy
6,2024-12-05 05:00:00+00:00,7.91,2.71,Buy
6,2024-12-06 05:00:00+00:00,10.16,4.2,Buy
6,2024-12-09 05:00:00+00:00,10.99,5.56,Buy
6,2024-12-10 05:00:00+00:00,11.98,6.84,Buy
6,2024-12-11 05:00:00+00:00,13.68,8.21,Buy
6,2024-12-12 05:00:00+00:00,14.7,9.51,Buy
6,2024-12-13 05:00:00+00:00,14.51,10.51,Buy
6,2024-12-16 05:00:00+00:00,14.54,11.31,Buy
6,2024-12-17 05:00:00+00:00,14.02,11.85,Buy
6,2024-12-18 05:00:00+00:00,11.67,11.82,Sell
6,2024-12-19 05:00:00+00:00,9.57,11.37,Sell
6,2024-12-20 05:00:00+00:00,7.0,10.49,Sell
6,2024-12-23 05:00:00+00:00,6.06,9.61,Sell
6,2024-12-24 05:00:00+00:00,5.89,8.87,Sell
6,2024-12-26 05:00:00+00:00,5.34,8.16,Sell
6,2024-12-27 05:00:00+00:00,4.57,7.44,Sell
6,2024-12-30 05:00:00+00:00,3.22,6.6,Sell
6,2024-12-31 05:00:00+00:00,1.68,5.61,Sell
6,2025-01-02 05:00:00+00:00,1.54,4.8,Sell
6,2025-01-03 05:00:00+00:00,1.85,4.21,Sell
6,2025-01-06 05:00:00+00:00,4.1,4.19,Sell
6,2025-01-07 05:00:00+00:00,4.84,4.32,Buy
6,2025-01-08 05:00:00+00:00,4.8,4.42,Buy
6,2025-01-10 05:00:00+00:00,5.12,4.56,Buy
6,2025-01-13 05:00:00+00:00,4.71,4.59,Buy
6,2025-01-14 05:00:00+00:00,3.21,4.31,Sell
6,2025-01-15 05:00:00+00:00,3.82,4.21,Sell
6,2025-01-16 05:00:00+00:00,3.8,4.13,Sell
6,2025-01-17 05:00:00+00:00,3.85,4.07,Sell
6,2025-01-21 05:00:00+00:00,4.14,4.09,Buy
6,2025-01-22 05:00:00+00:00,4.89,4.25,Buy
6,2025-01-23 05:00:00+00:00,6.44,4.69,Buy
6,2025-01-24 05:00:00+00:00,8.47,5.44,Buy
6,2025-01-27 05:00:00+00:00,10.95,6.54,Buy
6,2025-01-28 05:00:00+00:00,13.92,8.02,Buy
6,2025-01-29 05:00:00+00:00,16.26,9.67,Buy
6,2025-01-30 05:00:00+00:00,18.74,11.48,Buy
6,2025-01-31 05:00:00+00:00,20.65,13.32,Buy
6,2025-02-03 05:00:00+00:00,22.57,15.17,Buy
6,2025-02-04 05:00:00+00:00,24.35,17.01,Buy
6,2025-02-05 05:00:00+00:00,25.53,18.71,Buy
6,2025-02-06 05:00:00+00:00,26.72,20.31,Buy
6,2025-02-07 05:00:00+00:00,27.56,21.76,Buy
6,2025-02-10 05:00:00+00:00,28.13,23.03,Buy
6,2025-02-11 05:00:00+00:00,28.44,24.12,Buy
6,2025-02-12 05:00:00+00:00,28.81,25.06,Buy
6,2025-02-13 05:00:00+00:00,29.03,25.85,Buy
6,2025-02-14 05:00:00+00:00,29.51,26.58,Buy
6,2025-02-18 05:00:00+00:00,27.93,26.85,Buy
6,2025-02-19 05:00:00+00:00,25.38,26.56,Sell
6,2025-02-20 05:00:00+00:00,22.37,25.72,Sell
6,2025-02-21 05:00:00+00:00,18.86,24.35,Sell
6,2025-02-24 05:00:00+00:00,14.67,22.41,Sell
6,2025-02-25 05:00:00+00:00,10.37,20.0,Sell
6,2025-02-26 05:00:00+00:00,8.18,17.64,Sell
6,2025-02-27 05:00:00+00:00,5.13,15.14,Sell
6,2025-02-28 05:00:00+00:00,3.48,12.81,Sell
7,2024-09-03 04:00:00+00:00,,,
7,2024-09-04 04:00:00+00:00,,,
7,2024-09-05 04:00:00+00:00,,,
7,2024-09-06 04:00:00+00:00,,,
7,2024-09-09 04:00:00+00:00,,,
7,2024-09-10 04:00:00+00:00,,,
7,2024-09-11 04:00:00+00:00,,,
7,2024-09-12 04:00:00+00:00,,,
7,2024-09-13 04:00:00+00:00,,,
7,2024-09-16 04:00:00+00:00,,,
7,2024-09-17 04:00:00+00:00,,,
7,2024-09-18 04:00:00+00:00,,,
7,2024-09-19 04:00:00+00:00,,,
7,2024-09-20 04:00:00+00:00,,,
7,2024-09-23 04:00:00+00:00,,,
7,2024-09-24 04:00:00+00:00,,,
7,2024-09-25 04:00:00+00:00,,,
7,2024-09-26 04:00:00+00:00,,,
7,2024-09-27 04:00:00+00:00,,,
7,2024-09-30 04:00:00+00:00,,,
7,2024-10-01 04:00:00+00:00,,,
7,2024-10-02 04:00:00+00:00,,,
7,2024-10-03 04:00:00+00:00,,,
7,2024-10-04 04:00:00+00:00,,,
7,2024-10-07 04:00:00+00:00,,,
7,2024-10-08 04:00:00+00:00,4.29,3.36,Buy
7,2024-10-09 04:00:00+00:00,4.73,3.63,Buy
7,2024-10-10 04:00:00+00:00,5.2,3.95,Buy
7,2024-10-11 04:00:00+00:00,5.51,4.26,Buy
7,2024-10-14 04:00:00+00:00,5.95,4.6,Buy
7,2024-10-15 04:00:00+00:00,5.71,4.82,Buy
7,2024-10-16 04:00:00+00:00,5.78,5.01,Buy
7,2024-10-17 04:00:00+00:00,5.87,5.18,Buy
7,2024-10-18 04:00:00+00:00,5.96,5.34,Buy
7,2024-10-21 04:00:00+00:00,6.42,5.56,Buy
7,2024-10-22 04:00:00+00:00,6.69,5.78,Buy
7,2024-10-23 04:00:00+00:00,6.51,5.93,Buy
7,2024-10-24 04:00:00+00:00,6.36,6.02,Buy
7,2024-10-25 04:00:00+00:00,6.26,6.06,Buy
7,2024-10-28 04:00:00+00:00,6.03,6.06,Sell
7,2024-10-29 04:00:00+00:00,5.84,6.01,Sell
7,2024-10-30 04:00:00+00:00,5.47,5.91,Sell
7,2024-10-31 04:00:00+00:00,4.6,5.64,Sell
7,2024-11-01 04:00:00+00:00,4.07,5.33,Sell
7,2024-11-04 05:00:00+00:00,3.66,5.0,Sell
7,2024-11-05 05:00:00+00:00,3.61,4.72,Sell
7,2024-11-06 05:00:00+00:00,3.98,4.57,Sell
7,2024-11-07 05:00:00+00:00,4.48,4.55,Sell
7,2024-11-08 05:00:00+00:00,4.73,4.59,Buy
7,2024-11-11 05:00:00+00:00,4.68,4.61,Buy
7,2024-11-12 05:00:00+00:00,4.83,4.65,Buy
7,2024-11-13 05:00:00+00:00,4.73,4.67,Buy
7,2024-11-14 05:00:00+00:00,4.64,4.66,Sell
7,2024-11-15 05:00:00+00:00,4.13,4.56,Sell
7,2024-11-18 05:00:00+00:00,3.54,4.35,Sell
7,2024-11-19 05:00:00+00:00,3.59,4.2,Sell
7,2024-11-20 05:00:00+00:00,3.49,4.06,Sell
7,2024-11-21 05:00:00+00:00,3.44,3.93,Sell
7,2024-11-22 05:00:00+00:00,2.98,3.74,Sell
7,2024-11-25 05:00:00+00:00,2.12,3.42,Sell
7,2024-11-26 05:00:00+00:00,1.49,3.03,Sell
7,2024-11-27 05:00:00+00:00,0.85,2.6,Sell
7,2024-11-29 05:00:00+00:00,0.57,2.19,Sell
7,2024-12-02 05:00:00+00:00,0.38,1.83,Sell
7,2024-12-03 05:00:00+00:00,0.36,1.53,Sell
7,2024-12-04 05:00:00+00:00,0.72,1.37,Sell
7,2024-12-05 05:00:00+00:00,0.99,1.3,Sell
7,2024-12-06 05:00:00+00:00,0.99,1.23,Sell
7,2024-12-09 05:00:00+00:00,0.68,1.12,Sell
7,2024-12-10 05:00:00+00:00,0.14,0.93,Sell
7,2024-12-11 05:00:00+00:00,0.04,0.75,Sell
7,2024-12-12 05:00:00+00:00,-0.18,0.56,Sell
7,2024-12-13 05:00:00+00:00,-0.61,0.33,Sell
7,2024-12-16 05:00:00+00:00,-1.11,0.04,Sell
7,2024-12-17 05:00:00+00:00,-1.62,-0.29,Sell
7,2024-12-18 05:00:00+00:00,-2.12,-0.66,Sell
7,2024-12-19 05:00:00+00:00,-2.35,-1.0,Sell
7,2024-12-20 05:00:00+00:00,-2.18,-1.23,Sell
7,2024-12-23 05:00:00+00:00,-1.63,-1.31,Sell
7,2024-12-24 05:00:00+00:00,-1.13,-1.28,Buy
7,2024-12-26 05:00:00+00:00,-0.75,-1.17,Buy
7,2024-12-27 05:00:00+00:00,-0.68,-1.07,Buy
7,2024-12-30 05:00:00+00:00,-0.57,-0.97,Buy
7,2024-12-31 05:00:00+00:00,-0.74,-0.93,Buy
7,2025-01-02 05:00:00+00:00,-0.55,-0.85,Buy
7,2025-01-03 05:00:00+00:00,0.11,-0.66,Buy
7,2025-01-06 05:00:00+00:00,1.01,-0.32,Buy
7,2025-01-07 05:00:00+00:00,0.97,-0.07,Buy
7,2025-01-08 05:00:00+00:00,0.92,0.13,Buy
7,2025-01-10 05:00:00+00:00,0.54,0.21,Buy
7,2025-01-13 05:00:00+00:00,0.02,0.17,Sell
7,2025-01-14 05:00:00+00:00,-0.5,0.04,Sell
7,2025-01-15 05:00:00+00:00,-0.55,-0.08,Sell
7,2025-01-16 05:00:00+00:00,-0.8,-0.22,Sell
7,2025-01-17 05:00:00+00:00,-0.65,-0.31,Sell
7,2025-01-21 05:00:00+00:00,-0.28,-0.3,Buy
7,2025-01-22 05:00:00+00:00,0.52,-0.14,Buy
7,2025-01-23 05:00:00+00:00,1.14,0.12,Buy
7,2025-01-24 05:00:00+00:00,1.25,0.35,Buy
7,2025-01-27 05:00:00+00:00,-0.6,0.16,Sell
7,2025-01-28 05:00:00+00:00,-1.21,-0.12,Sell
7,2025-01-29 05:00:00+00:00,-2.09,-0.51,Sell
7,2025-01-30 05:00:00+00:00,-2.68,-0.95,Sell
7,2025-01-31 05:00:00+00:00,-3.48,-1.45,Sell
7,2025-02-03 05:00:00+00:00,-4.34,-2.03,Sell
7,2025-02-04 05:00:00+00:00,-4.8,-2.58,Sell
7,2025-02-05 05:00:00+00:00,-4.62,-2.99,Sell
7,2025-02-06 05:00:00+00:00,-4.11,-3.22,Sell
7,2025-02-07 05:00:00+00:00,-3.58,-3.29,Sell
7,2025-02-10 05:00:00+00:00,-2.82,-3.2,Buy
7,2025-02-11 05:00:00+00:00,-2.26,-3.01,Buy
7,2025-02-12 05:00:00+00:00,-1.92,-2.79,Buy
7,2025-02-13 05:00:00+00:00,-1.31,-2.5,Buy
7,2025-02-14 05:00:00+00:00,-0.53,-2.1,Buy
7,2025-02-18 05:00:00+00:00,0.13,-1.65,Buy
7,2025-02-19 05:00:00+00:00,0.64,-1.2,Buy
7,2025-02-20 05:00:00+00:00,1.09,-0.74,Buy
7,2025-02-21 05:00:00+00:00,0.99,-0.39,Buy
7,2025-02-24 05:00:00+00:00,0.56,-0.2,Buy
7,2025-02-25 05:00:00+00:00,-0.07,-0.18,Buy
7,2025-02-26 05:00:00+00:00,-0.19,-0.18,Sell
7,2025-02-27 05:00:00+00:00,-1.18,-0.38,Sell
7,2025-02-28 05:00:00+00:00,-1.55,-0.61,Sell
8,2024-09-03 04:00:00+00:00,,,
8,2024-09-04 04:00:00+00:00,,,
8,2024-09-05 04:00:00+00:00,,,
8,2024-09-06 04:00:00+00:00,,,
8,2024-09-09 04:00:00+00:00,,,
8,2024-09-10 04:00:00+00:00,,,
8,2024-09-11 04:00:00+00:00,,,
8,2024-09-12 04:00:00+00:00,,,
8,2024-09-13 04:00:00+00:00,,,
8,2024-09-16 04:00:00+00:00,,,
8,2024-09-17 04:00:00+00:00,,,
8,2024-09-18 04:00:00+00:00,,,
8,2024-09-19 04:00:00+00:00,,,
8,2024-09-20 04:00:00+00:00,,,
8,2024-09-23 04:00:00+00:00,,,
8,2024-09-24 04:00:00+00:00,,,
8,2024-09-25 04:00:00+00:00,,,
8,2024-09-26 04:00:00+00:00,,,
8,2024-09-27 04:00:00+00:00,,,
8,2024-09-30 04:00:00+00:00,,,
8,2024-10-01 04:00:00+00:00,,,
8,2024-10-02 04:00:00+00:00,,,
8,2024-10-03 04:00:00+00:00,,,
8,2024-10-04 04:00:00+00:00,,,
8,2024-10-07 04:00:00+00:00,,,
8,2024-10-08 04:00:00+00:00,7.08,6.22,Buy
8,2024-10-09 04:00:00+00:00,7.11,6.4,Buy
8,2024-10-10 04:00:00+00:00,6.51,6.42,Buy
8,2024-10-11 04:00:00+00:00,6.26,6.39,Sell
8,2024-10-14 04:00:00+00:00,5.79,6.27,Sell
8,2024-10-15 04:00:00+00:00,4.66,5.95,Sell
8,2024-10-16 04:00:00+00:00,3.68,5.49,Sell
8,2024-10-17 04:00:00+00:00,2.89,4.97,Sell
8,2024-10-18 04:00:00+00:00,2.21,4.42,Sell
8,2024-10-21 04:00:00+00:00,1.8,3.9,Sell
8,2024-10-22 04:00:00+00:00,1.16,3.35,Sell
8,2024-10-23 04:00:00+00:00,0.55,2.79,Sell
8,2024-10-24 04:00:00+00:00,0.11,2.25,Sell
8,2024-10-25 04:00:00+00:00,-0.01,1.8,Sell
8,2024-10-28 04:00:00+00:00,0.18,1.48,Sell
8,2024-10-29 04:00:00+00:00,0.84,1.35,Sell
8,2024-10-30 04:00:00+00:00,-0.06,1.07,Sell
8,2024-10-31 04:00:00+00:00,-1.13,0.63,Sell
8,2024-11-01 04:00:00+00:00,-2.13,0.08,Sell
8,2024-11-04 05:00:00+00:00,-2.98,-0.54,Sell
8,2024-11-05 05:00:00+00:00,-3.54,-1.14,Sell
8,2024-11-06 05:00:00+00:00,-3.66,-1.64,Sell
8,2024-11-07 05:00:00+00:00,-3.34,-1.98,Sell
8,2024-11-08 05:00:00+00:00,-3.2,-2.22,Sell
8,2024-11-11 05:00:00+00:00,-3.1,-2.4,Sell
8,2024-11-12 05:00:00+00:00,-3.28,-2.57,Sell
8,2024-11-13 05:00:00+00:00,-3.73,-2.81,Sell
8,2024-11-14 05:00:00+00:00,-4.08,-3.06,Sell
8,2024-11-15 05:00:00+00:00,-4.62,-3.37,Sell
8,2024-11-18 05:00:00+00:00,-4.67,-3.63,Sell
8,2024-11-19 05:00:00+00:00,-4.62,-3.83,Sell
8,2024-11-20 05:00:00+00:00,-4.67,-4.0,Sell
8,2024-11-21 05:00:00+00:00,-4.66,-4.13,Sell
8,2024-11-22 05:00:00+00:00,-4.54,-4.21,Sell
8,2024-11-25 05:00:00+00:00,-4.16,-4.2,Buy
8,2024-11-26 05:00:00+00:00,-4.1,-4.18,Buy
8,2024-11-27 05:00:00+00:00,-4.12,-4.17,Buy
8,2024-11-29 05:00:00+00:00,-4.01,-4.14,Buy
8,2024-12-02 05:00:00+00:00,-3.49,-4.01,Buy
8,2024-12-03 05:00:00+00:00,-3.05,-3.82,Buy
8,2024-12-04 05:00:00+00:00,-2.51,-3.55,Buy
8,2024-12-05 05:00:00+00:00,-2.27,-3.3,Buy
8,2024-12-06 05:00:00+00:00,-2.27,-3.09,Buy
8,2024-12-09 05:00:00+00:00,-2.87,-3.05,Buy
8,2024-12-10 05:00:00+00:00,-3.55,-3.15,Sell
8,2024-12-11 05:00:00+00:00,-3.85,-3.29,Sell
8,2024-12-12 05:00:00+00:00,-4.01,-3.43,Sell
8,2024-12-13 05:00:00+00:00,-4.38,-3.62,Sell
8,2024-12-16 05:00:00+00:00,-4.64,-3.83,Sell
8,2024-12-17 05:00:00+00:00,-4.92,-4.05,Sell
8,2024-12-18 05:00:00+00:00,-5.38,-4.31,Sell
8,2024-12-19 05:00:00+00:00,-5.87,-4.63,Sell
8,2024-12-20 05:00:00+00:00,-6.17,-4.93,Sell
8,2024-12-23 05:00:00+00:00,-5.9,-5.13,Sell
8,2024-12-24 05:00:00+00:00,-5.49,-5.2,Sell
8,2024-12-26 05:00:00+00:00,-5.2,-5.2,Sell
8,2024-12-27 05:00:00+00:00,-4.9,-5.14,Buy
8,2024-12-30 05:00:00+00:00,-4.84,-5.08,Buy
8,2024-12-31 05:00:00+00:00,-4.86,-5.04,Buy
8,2025-01-02 05:00:00+00:00,-4.84,-5.0,Buy
8,2025-01-03 05:00:00+00:00,-4.38,-4.87,Buy
8,2025-01-06 05:00:00+00:00,-3.65,-4.63,Buy
8,2025-01-07 05:00:00+00:00,-3.2,-4.34,Buy
8,2025-01-08 05:00:00+00:00,-3.26,-4.13,Buy
8,2025-01-10 05:00:00+00:00,-3.73,-4.05,Buy
8,2025-01-13 05:00:00+00:00,-3.95,-4.03,Buy
8,2025-01-14 05:00:00+00:00,-4.18,-4.06,Sell
8,2025-01-15 05:00:00+00:00,-4.0,-4.05,Buy
8,2025-01-16 05:00:00+00:00,-3.93,-4.02,Buy
8,2025-01-17 05:00:00+00:00,-3.6,-3.94,Buy
8,2025-01-21 05:00:00+00:00,-3.23,-3.8,Buy
8,2025-01-22 05:00:00+00:00,-2.79,-3.59,Buy
8,2025-01-23 05:00:00+00:00,-2.46,-3.37,Buy
8,2025-01-24 05:00:00+00:00,-2.2,-3.13,Buy
8,2025-01-27 05:00:00+00:00,-2.59,-3.03,Buy
8,2025-01-28 05:00:00+00:00,-2.93,-3.01,Buy
8,2025-01-29 05:00:00+00:00,-2.92,-2.99,Buy
8,2025-01-30 05:00:00+00:00,-2.75,-2.94,Buy
8,2025-01-31 05:00:00+00:00,-2.82,-2.92,Buy
8,2025-02-03 05:00:00+00:00,-2.98,-2.93,Sell
8,2025-02-04 05:00:00+00:00,-2.65,-2.87,Buy
8,2025-02-05 05:00:00+00:00,-2.96,-2.89,Sell
8,2025-02-06 05:00:00+00:00,-3.32,-2.98,Sell
8,2025-02-07 05:00:00+00:00,-3.76,-3.13,Sell
8,2025-02-10 05:00:00+00:00,-3.84,-3.27,Sell
8,2025-02-11 05:00:00+00:00,-3.81,-3.38,Sell
8,2025-02-12 05:00:00+00:00,-3.69,-3.44,Sell
8,2025-02-13 05:00:00+00:00,-3.55,-3.46,Sell
8,2025-02-14 05:00:00+00:00,-3.29,-3.43,Buy
8,2025-02-18 05:00:00+00:00,-2.96,-3.33,Buy
8,2025-02-19 05:00:00+00:00,-2.63,-3.19,Buy
8,2025-02-20 05:00:00+00:00,-2.39,-3.03,Buy
8,2025-02-21 05:00:00+00:00,-2.44,-2.91,Buy
8,2025-02-24 05:00:00+00:00,-2.66,-2.86,Buy
8,2025-02-25 05:00:00+00:00,-3.14,-2.92,Sell
8,2025-02-26 05:00:00+00:00,-3.42,-3.02,Sell
8,2025-02-27 05:00:00+00:00,-4.01,-3.22,Sell
8,2025-02-28 05:00:00+00:00,-4.41,-3.46,Sell
9,2024-09-03 04:00:00+00:00,,,
9,2024-09-04 04:00:00+00:00,,,
9,2024-09-05 04:00:00+00:00,,,
9,2024-09-06 04:00:00+00:00,,,
9,2024-09-09 04:00:00+00:00,,,
9,2024-09-10 04:00:00+00:00,,,
9,2024-09-11 04:00:00+00:00,,,
9,2024-09-12 04:00:00+00:00,,,
9,2024-09-13 04:00:00+00:00,,,
9,2024-09-16 04:00:00+00:00,,,
9,2024-09-17 04:00:00+00:00,,,
9,2024-09-18 04:00:00+00:00,,,
9,2024-09-19 04:00:00+00:00,,,
9,2024-09-20 04:00:00+00:00,,,
9,2024-09-23 04:00:00+00:00,,,
9,2024-09-24 04:00:00+00:00,,,
9,2024-09-25 04:00:00+00:00,,,
9,2024-09-26 04:00:00+00:00,,,
9,2024-09-27 04:00:00+00:00,,,
9,2024-09-30 04:00:00+00:00,,,
9,2024-10-01 04:00:00+00:00,,,
9,2024-10-02 04:00:00+00:00,,,
9,2024-10-03 04:00:00+00:00,,,
9,2024-10-04 04:00:00+00:00,,,
9,2024-10-07 04:00:00+00:00,,,
9,2024-10-08 04:00:00+00:00,-2.31,0.22,Sell
9,2024-10-09 04:00:00+00:00,-0.37,0.1,Sell
9,2024-10-10 04:00:00+00:00,-0.08,0.06,Sell
9,2024-10-11 04:00:00+00:00,-0.22,0.01,Sell
9,2024-10-14 04:00:00+00:00,-0.27,-0.05,Sell
9,2024-10-15 04:00:00+00:00,0.08,-0.02,Buy
9,2024-10-16 04:00:00+00:00,-0.22,-0.06,Sell
9,2024-10-17 04:00:00+00:00,-0.62,-0.17,Sell
9,2024-10-18 04:00:00+00:00,-0.59,-0.26,Sell
9,2024-10-21 04:00:00+00:00,-0.77,-0.36,Sell
9,2024-10-22 04:00:00+00:00,-0.38,-0.36,Sell
9,2024-10-23 04:00:00+00:00,0.39,-0.21,Buy
9,2024-10-24 04:00:00+00:00,0.53,-0.07,Buy
9,2024-10-25 04:00:00+00:00,0.45,0.04,Buy
9,2024-10-28 04:00:00+00:00,0.37,0.1,Buy
9,2024-10-29 04:00:00+00:00,-0.01,0.08,Sell
9,2024-10-30 04:00:00+00:00,-0.94,-0.12,Sell
9,2024-10-31 04:00:00+00:00,-2.05,-0.51,Sell
9,2024-11-01 04:00:00+00:00,-2.56,-0.92,Sell
9,2024-11-04 05:00:00+00:00,-2.22,-1.18,Sell
9,2024-11-05 05:00:00+00:00,-1.61,-1.27,Sell
9,2024-11-06 05:00:00+00:00,-0.39,-1.09,Buy
9,2024-11-07 05:00:00+00:00,1.74,-0.52,Buy
9,2024-11-08 05:00:00+00:00,5.77,0.74,Buy
9,2024-11-11 05:00:00+00:00,7.99,2.19,Buy
9,2024-11-12 05:00:00+00:00,9.6,3.67,Buy
9,2024-11-13 05:00:00+00:00,10.86,5.11,Buy
9,2024-11-14 05:00:00+00:00,10.94,6.28,Buy
9,2024-11-15 05:00:00+00:00,9.54,6.93,Buy
9,2024-11-18 05:00:00+00:00,9.32,7.41,Buy
9,2024-11-19 05:00:00+00:00,9.89,7.9,Buy
9,2024-11-20 05:00:00+00:00,10.06,8.34,Buy
9,2024-11-21 05:00:00+00:00,12.28,9.12,Buy
9,2024-11-22 05:00:00+00:00,14.54,10.21,Buy
9,2024-11-25 05:00:00+00:00,15.9,11.35,Buy
9,2024-11-26 05:00:00+00:00,17.63,12.6,Buy
9,2024-11-27 05:00:00+00:00,17.99,13.68,Buy
9,2024-11-29 05:00:00+00:00,18.89,14.72,Buy
9,2024-12-02 05:00:00+00:00,19.63,15.7,Buy
9,2024-12-03 05:00:00+00:00,20.55,16.67,Buy
9,2024-12-04 05:00:00+00:00,21.74,17.69,Buy
9,2024-12-05 05:00:00+00:00,21.74,18.5,Buy
9,2024-12-06 05:00:00+00:00,22.31,19.26,Buy
9,2024-12-09 05:00:00+00:00,22.12,19.83,Buy
9,2024-12-10 05:00:00+00:00,22.17,20.3,Buy
9,2024-12-11 05:00:00+00:00,22.05,20.65,Buy
9,2024-12-12 05:00:00+00:00,21.21,20.76,Buy
9,2024-12-13 05:00:00+00:00,20.38,20.69,Sell
9,2024-12-16 05:00:00+00:00,19.79,20.51,Sell
9,2024-12-17 05:00:00+00:00,18.23,20.05,Sell
9,2024-12-18 05:00:00+00:00,15.42,19.13,Sell
9,2024-12-19 05:00:00+00:00,12.26,17.75,Sell
9,2024-12-20 05:00:00+00:00,9.58,16.12,Sell
9,2024-12-23 05:00:00+00:00,7.04,14.3,Sell
9,2024-12-24 05:00:00+00:00,5.68,12.58,Sell
9,2024-12-26 05:00:00+00:00,4.33,10.93,Sell
9,2024-12-27 05:00:00+00:00,1.92,9.13,Sell
9,2024-12-30 05:00:00+00:00,-1.38,7.02,Sell
9,2024-12-31 05:00:00+00:00,-4.43,4.73,Sell
9,2025-01-02 05:00:00+00:00,-7.28,2.33,Sell
9,2025-01-03 05:00:00+00:00,-8.9,0.08,Sell
9,2025-01-06 05:00:00+00:00,-9.57,-1.85,Sell
9,2025-01-07 05:00:00+00:00,-10.09,-3.5,Sell
9,2025-01-08 05:00:00+00:00,-9.91,-4.78,Sell
9,2025-01-10 05:00:00+00:00,-8.89,-5.6,Sell
9,2025-01-13 05:00:00+00:00,-8.97,-6.28,Sell
9,2025-01-14 05:00:00+00:00,-9.52,-6.92,Sell
9,2025-01-15 05:00:00+00:00,-9.35,-7.41,Sell
9,2025-01-16 05:00:00+00:00,-9.4,-7.81,Sell
9,2025-01-17 05:00:00+00:00,-7.47,-7.74,Buy
9,2025-01-21 05:00:00+00:00,-5.51,-7.29,Buy
9,2025-01-22 05:00:00+00:00,-4.15,-6.67,Buy
9,2025-01-23 05:00:00+00:00,-3.25,-5.98,Buy
9,2025-01-24 05:00:00+00:00,-2.69,-5.32,Buy
9,2025-01-27 05:00:00+00:00,-0.19,-4.3,Buy
9,2025-01-28 05:00:00+00:00,1.24,-3.19,Buy
9,2025-01-29 05:00:00+00:00,2.78,-2.0,Buy
9,2025-01-30 05:00:00+00:00,5.15,-0.57,Buy
9,2025-01-31 05:00:00+00:00,7.01,0.95,Buy
9,2025-02-03 05:00:00+00:00,10.46,2.85,Buy
9,2025-02-04 05:00:00+00:00,14.32,5.15,Buy
9,2025-02-05 05:00:00+00:00,18.86,7.89,Buy
9,2025-02-06 05:00:00+00:00,22.84,10.88,Buy
9,2025-02-07 05:00:00+00:00,25.23,13.75,Buy
9,2025-02-10 05:00:00+00:00,28.25,16.65,Buy
9,2025-02-11 05:00:00+00:00,30.01,19.32,Buy
9,2025-02-12 05:00:00+00:00,31.59,21.78,Buy
9,2025-02-13 05:00:00+00:00,33.4,24.1,Buy
9,2025-02-14 05:00:00+00:00,34.04,26.09,Buy
9,2025-02-18 05:00:00+00:00,32.9,27.45,Buy
9,2025-02-19 05:00:00+00:00,32.14,28.39,Buy
9,2025-02-20 05:00:00+00:00,28.97,28.51,Buy
9,2025-02-21 05:00:00+00:00,26.18,28.04,Sell
9,2025-02-24 05:00:00+00:00,23.73,27.18,Sell
9,2025-02-25 05:00:00+00:00,23.15,26.37,Sell
9,2025-02-26 05:00:00+00:00,20.54,25.2,Sell
9,2025-02-27 05:00:00+00:00,17.44,23.65,Sell
9,2025-02-28 05:00:00+00:00,16.96,22.31,Sell
10,2024-09-03 04:00:00+00:00,,,
10,2024-09-04 04:00:00+00:00,,,
10,2024-09-05 04:00:00+00:00,,,
10,2024-09-06 04:00:00+00:00,,,
10,2024-09-09 04:00:00+00:00,,,
10,2024-09-10 04:00:00+00:00,,,
10,2024-09-11 04:00:00+00:00,,,
10,2024-09-12 04:00:00+00:00,,,
10,2024-09-13 04:00:00+00:00,,,
10,2024-09-16 04:00:00+00:00,,,
10,2024-09-17 04:00:00+00:00,,,
10,2024-09-18 04:00:00+00:00,,,
10,2024-09-19 04:00:00+00:00,,,
10,2024-09-20 04:00:00+00:00,,,
10,2024-09-23 04:00:00+00:00,,,
10,2024-09-24 04:00:00+00:00,,,
10,2024-09-25 04:00:00+00:00,,,
10,2024-09-26 04:00:00+00:00,,,
10,2024-09-27 04:00:00+00:00,,,
10,2024-09-30 04:00:00+00:00,,,
10,2024-10-01 04:00:00+00:00,,,
10,2024-10-02 04:00:00+00:00,,,
10,2024-10-03 04:00:00+00:00,,,
10,2024-10-04 04:00:00+00:00,,,
10,2024-10-07 04:00:00+00:00,,,
10,2024-10-08 04:00:00+00:00,4.81,4.31,Buy
10,2024-10-09 04:00:00+00:00,5.09,4.47,Buy
10,2024-10-10 04:00:00+00:00,5.15,4.61,Buy
10,2024-10-11 04:00:00+00:00,5.54,4.79,Buy
10,2024-10-14 04:00:00+00:00,5.89,5.01,Buy
10,2024-10-15 04:00:00+00:00,5.69,5.15,Buy
10,2024-10-16 04:00:00+00:00,5.5,5.22,Buy
10,2024-10-17 04:00:00+00:00,6.75,5.53,Buy
10,2024-10-18 04:00:00+00:00,7.24,5.87,Buy
10,2024-10-21 04:00:00+00:00,7.64,6.22,Buy
10,2024-10-22 04:00:00+00:00,7.59,6.5,Buy
10,2024-10-23 04:00:00+00:00,7.66,6.73,Buy
10,2024-10-24 04:00:00+00:00,7.39,6.86,Buy
10,2024-10-25 04:00:00+00:00,7.53,6.99,Buy
10,2024-10-28 04:00:00+00:00,6.86,6.97,Sell
10,2024-10-29 04:00:00+00:00,6.43,6.86,Sell
10,2024-10-30 04:00:00+00:00,5.83,6.65,Sell
10,2024-10-31 04:00:00+00:00,4.98,6.32,Sell
10,2024-11-01 04:00:00+00:00,4.45,5.95,Sell
10,2024-11-04 05:00:00+00:00,3.88,5.53,Sell
10,2024-11-05 05:00:00+00:00,3.71,5.17,Sell
10,2024-11-06 05:00:00+00:00,3.34,4.8,Sell
10,2024-11-07 05:00:00+00:00,3.64,4.57,Sell
10,2024-11-08 05:00:00+00:00,3.84,4.43,Sell
10,2024-11-11 05:00:00+00:00,3.38,4.22,Sell
10,2024-11-12 05:00:00+00:00,2.81,3.94,Sell
10,2024-11-13 05:00:00+00:00,1.92,3.53,Sell
10,2024-11-14 05:00:00+00:00,1.35,3.09,Sell
10,2024-11-15 05:00:00+00:00,0.68,2.61,Sell
10,2024-11-18 05:00:00+00:00,0.28,2.15,Sell
10,2024-11-19 05:00:00+00:00,0.13,1.74,Sell
10,2024-11-20 05:00:00+00:00,-0.1,1.37,Sell
10,2024-11-21 05:00:00+00:00,-0.04,1.09,Sell
10,2024-11-22 05:00:00+00:00,-0.09,0.85,Sell
10,2024-11-25 05:00:00+00:00,-0.52,0.58,Sell
10,2024-11-26 05:00:00+00:00,-0.96,0.27,Sell
10,2024-11-27 05:00:00+00:00,-1.49,-0.08,Sell
10,2024-11-29 05:00:00+00:00,-1.62,-0.39,Sell
10,2024-12-02 05:00:00+00:00,-0.93,-0.5,Sell
10,2024-12-03 05:00:00+00:00,-0.03,-0.4,Buy
10,2024-12-04 05:00:00+00:00,0.83,-0.16,Buy
10,2024-12-05 05:00:00+00:00,1.77,0.23,Buy
10,2024-12-06 05:00:00+00:00,2.39,0.66,Buy
10,2024-12-09 05:00:00+00:00,2.54,1.04,Buy
10,2024-12-10 05:00:00+00:00,2.06,1.24,Buy
10,2024-12-11 05:00:00+00:00,1.87,1.37,Buy
10,2024-12-12 05:00:00+00:00,1.5,1.39,Buy
10,2024-12-13 05:00:00+00:00,1.95,1.5,Buy
10,2024-12-16 05:00:00+00:00,2.37,1.68,Buy
10,2024-12-17 05:00:00+00:00,2.56,1.85,Buy
10,2024-12-18 05:00:00+00:00,2.27,1.94,Buy
10,2024-12-19 05:00:00+00:00,1.94,1.94,Buy
10,2024-12-20 05:00:00+00:00,1.87,1.92,Sell
10,2024-12-23 05:00:00+00:00,2.6,2.06,Buy
10,2024-12-24 05:00:00+00:00,3.05,2.26,Buy
10,2024-12-26 05:00:00+00:00,3.12,2.43,Buy
10,2024-12-27 05:00:00+00:00,3.02,2.55,Buy
10,2024-12-30 05:00:00+00:00,2.81,2.6,Buy
10,2024-12-31 05:00:00+00:00,2.38,2.56,Sell
10,2025-01-02 05:00:00+00:00,2.35,2.51,Sell
10,2025-01-03 05:00:00+00:00,2.85,2.58,Buy
10,2025-01-06 05:00:00+00:00,4.12,2.89,Buy
10,2025-01-07 05:00:00+00:00,4.38,3.19,Buy
10,2025-01-08 05:00:00+00:00,4.2,3.39,Buy
10,2025-01-10 05:00:00+00:00,4.1,3.53,Buy
10,2025-01-13 05:00:00+00:00,3.43,3.51,Sell
10,2025-01-14 05:00:00+00:00,2.86,3.38,Sell
10,2025-01-15 05:00:00+00:00,2.81,3.27,Sell
10,2025-01-16 05:00:00+00:00,3.38,3.29,Buy
10,2025-01-17 05:00:00+00:00,3.52,3.34,Buy
10,2025-01-21 05:00:00+00:00,4.17,3.5,Buy
10,2025-01-22 05:00:00+00:00,4.98,3.8,Buy
10,2025-01-23 05:00:00+00:00,5.68,4.17,Buy
10,2025-01-24 05:00:00+00:00,5.94,4.53,Buy
10,2025-01-27 05:00:00+00:00,3.72,4.37,Sell
10,2025-01-28 05:00:00+00:00,2.75,4.04,Sell
10,2025-01-29 05:00:00+00:00,1.95,3.62,Sell
10,2025-01-30 05:00:00+00:00,1.76,3.25,Sell
10,2025-01-31 05:00:00+00:00,1.69,2.94,Sell
10,2025-02-03 05:00:00+00:00,0.86,2.52,Sell
10,2025-02-04 05:00:00+00:00,0.53,2.13,Sell
10,2025-02-05 05:00:00+00:00,0.63,1.83,Sell
10,2025-02-06 05:00:00+00:00,0.85,1.63,Sell
10,2025-02-07 05:00:00+00:00,0.67,1.44,Sell
10,2025-02-10 05:00:00+00:00,0.67,1.29,Sell
10,2025-02-11 05:00:00+00:00,0.72,1.17,Sell
10,2025-02-12 05:00:00+00:00,0.56,1.05,Sell
10,2025-02-13 05:00:00+00:00,0.07,0.85,Sell
10,2025-02-14 05:00:00+00:00,-0.15,0.65,Sell
10,2025-02-18 05:00:00+00:00,-0.41,0.44,Sell
10,2025-02-19 05:00:00+00:00,-0.76,0.2,Sell
10,2025-02-20 05:00:00+00:00,-1.08,-0.06,Sell
10,2025-02-21 05:00:00+00:00,-1.48,-0.34,Sell
10,2025-02-24 05:00:00+00:00,-2.29,-0.73,Sell
10,2025-02-25 05:00:00+00:00,-3.08,-1.2,Sell
10,2025-02-26 05:00:00+00:00,-3.25,-1.61,Sell
10,2025-02-27 05:00:00+00:00,-4.42,-2.17,Sell
10,2025-02-28 05:00:00+00:00,-5.33,-2.81,Sell
