stock_id,date,5_day_avg,20_day_avg
1,2024-09-03 00:00:00-04:00,222.28,222.28
1,2024-09-04 00:00:00-04:00,221.64,222.1
1,2024-09-05 00:00:00-04:00,221.73,222.08
1,2024-09-06 00:00:00-04:00,221.26,221.91
1,2024-09-09 00:00:00-04:00,220.98,221.77
1,2024-09-10 00:00:00-04:00,220.53,221.57
1,2024-09-11 00:00:00-04:00,221.08,221.62
1,2024-09-12 00:00:00-04:00,221.48,221.69
1,2024-09-13 00:00:00-04:00,221.66,221.72
1,2024-09-16 00:00:00-04:00,219.72,221.16
1,2024-09-17 00:00:00-04:00,218.58,220.7
1,2024-09-18 00:00:00-04:00,219.12,220.65
1,2024-09-19 00:00:00-04:00,222.21,221.39
1,2024-09-20 00:00:00-04:00,224.04,221.99
1,2024-09-23 00:00:00-04:00,224.68,222.37
1,2024-09-24 00:00:00-04:00,225.41,222.8
1,2024-09-25 00:00:00-04:00,225.57,223.09
1,2024-09-26 00:00:00-04:00,226.05,223.46
1,2024-09-27 00:00:00-04:00,226.46,223.83
1,2024-09-30 00:00:00-04:00,228.47,224.65
1,2024-10-01 00:00:00-04:00,227.55,224.75
1,2024-10-02 00:00:00-04:00,227.13,224.9
1,2024-10-03 00:00:00-04:00,226.48,224.92
1,2024-10-04 00:00:00-04:00,226.42,225.06
1,2024-10-07 00:00:00-04:00,224.68,224.69
1,2024-10-08 00:00:00-04:00,224.88,224.74
1,2024-10-09 00:00:00-04:00,226.26,225.15
1,2024-10-10 00:00:00-04:00,227.02,225.48
1,2024-10-11 00:00:00-04:00,227.03,225.63
1,2024-10-14 00:00:00-04:00,228.28,226.12
1,2024-10-15 00:00:00-04:00,229.97,226.81
1,2024-10-16 00:00:00-04:00,230.4,227.23
1,2024-10-17 00:00:00-04:00,230.82,227.65
1,2024-10-18 00:00:00-04:00,232.04,228.3
1,2024-10-21 00:00:00-04:00,233.35,229.03
1,2024-10-22 00:00:00-04:00,234.01,229.63
1,2024-10-23 00:00:00-04:00,232.76,229.69
1,2024-10-24 00:00:00-04:00,231.86,229.73
1,2024-10-25 00:00:00-04:00,231.54,229.84
1,2024-10-28 00:00:00-04:00,231.99,230.13
1,2024-10-29 00:00:00-04:00,232.38,230.42
1,2024-10-30 00:00:00-04:00,231.45,230.34
1,2024-10-31 00:00:00-04:00,229.44,229.87
1,2024-11-01 00:00:00-04:00,227.1,229.16
1,2024-11-04 00:00:00-05:00,225.24,228.43
1,2024-11-05 00:00:00-05:00,224.48,227.91
1,2024-11-06 00:00:00-05:00,223.73,227.37
1,2024-11-07 00:00:00-05:00,224.81,227.33
1,2024-11-08 00:00:00-05:00,225.45,227.27
1,2024-11-11 00:00:00-05:00,224.96,226.96
1,2024-11-12 00:00:00-05:00,224.63,226.68
1,2024-11-13 00:00:00-05:00,224.71,226.51
1,2024-11-14 00:00:00-05:00,225.8,226.64
1,2024-11-15 00:00:00-05:00,225.45,226.46
1,2024-11-18 00:00:00-05:00,226.22,226.59
1,2024-11-19 00:00:00-05:00,226.83,226.73
1,2024-11-20 00:00:00-05:00,227.47,226.92
1,2024-11-21 00:00:00-05:00,227.73,227.05
1,2024-11-22 00:00:00-05:00,228.36,227.29
1,2024-11-25 00:00:00-05:00,229.78,227.8
1,2024-11-26 00:00:00-05:00,231.45,228.47
1,2024-11-27 00:00:00-05:00,232.53,229.06
1,2024-11-29 00:00:00-05:00,234.04,229.82
1,2024-12-02 00:00:00-05:00,235.8,230.73
1,2024-12-03 00:00:00-05:00,238.0,231.84
1,2024-12-04 00:00:00-05:00,239.58,232.87
1,2024-12-05 00:00:00-05:00,240.64,233.82
1,2024-12-06 00:00:00-05:00,241.29,234.65
1,2024-12-09 00:00:00-05:00,243.02,235.78
1,2024-12-10 00:00:00-05:00,244.51,236.89
1,2024-12-11 00:00:00-05:00,245.08,237.78
1,2024-12-12 00:00:00-05:00,245.95,238.73
1,2024-12-13 00:00:00-05:00,246.59,239.6
1,2024-12-16 00:00:00-05:00,247.98,240.66
1,2024-12-17 00:00:00-05:00,249.72,241.85
1,2024-12-18 00:00:00-05:00,249.07,242.42
1,2024-12-19 00:00:00-05:00,249.22,243.09
1,2024-12-20 00:00:00-05:00,250.88,244.15
1,2024-12-23 00:00:00-05:00,252.25,245.18
1,2024-12-24 00:00:00-05:00,254.14,246.4
1,2024-12-26 00:00:00-05:00,255.67,247.57
1,2024-12-27 00:00:00-05:00,255.55,248.31
1,2024-12-30 00:00:00-05:00,254.34,248.65
1,2024-12-31 00:00:00-05:00,252.94,248.8
1,2025-01-02 00:00:00-05:00,249.82,248.3
1,2025-01-03 00:00:00-05:00,247.58,247.8
1,2025-01-06 00:00:00-05:00,246.63,247.51
1,2025-01-07 00:00:00-05:00,245.07,246.98
1,2025-01-08 00:00:00-05:00,244.19,246.55
1,2025-01-10 00:00:00-05:00,241.66,245.6
1,2025-01-13 00:00:00-05:00,239.15,244.51
1,2025-01-14 00:00:00-05:00,237.11,243.41
1,2025-01-15 00:00:00-05:00,237.28,242.86
1,2025-01-16 00:00:00-05:00,234.19,241.45
1,2025-01-17 00:00:00-05:00,232.7,240.33
1,2025-01-21 00:00:00-05:00,229.27,238.62
1,2025-01-22 00:00:00-05:00,227.37,237.19
1,2025-01-23 00:00:00-05:00,226.05,235.88
1,2025-01-24 00:00:00-05:00,224.88,234.61
1,2025-01-27 00:00:00-05:00,226.46,234.13
1,2025-01-28 00:00:00-05:00,230.3,234.5
1,2025-01-29 00:00:00-05:00,233.23,234.94
1,2025-01-30 00:00:00-05:00,234.6,235.17
1,2025-01-31 00:00:00-05:00,234.98,235.22
1,2025-02-03 00:00:00-05:00,232.57,234.51
1,2025-02-04 00:00:00-05:00,232.56,234.32
1,2025-02-05 00:00:00-05:00,232.45,234.12
1,2025-02-06 00:00:00-05:00,232.62,234.01
1,2025-02-07 00:00:00-05:00,230.87,233.38
1,2025-02-10 00:00:00-05:00,229.8,232.83
1,2025-02-11 00:00:00-05:00,230.74,232.81
1,2025-02-12 00:00:00-05:00,232.78,233.2
1,2025-02-13 00:00:00-05:00,235.7,233.99
1,2025-02-14 00:00:00-05:00,238.67,235.0
1,2025-02-18 00:00:00-05:00,240.6,235.91
1,2025-02-19 00:00:00-05:00,242.02,236.76
1,2025-02-20 00:00:00-05:00,243.29,237.62
1,2025-02-21 00:00:00-05:00,244.04,238.38
1,2025-02-24 00:00:00-05:00,245.06,239.21
1,2025-02-25 00:00:00-05:00,245.72,239.95
1,2025-02-26 00:00:00-05:00,243.93,239.99
1,2025-02-27 00:00:00-05:00,241.72,239.74
1,2025-02-28 00:00:00-05:00,241.76,239.94
2,2024-09-03 00:00:00-04:00,407.8,407.8
2,2024-09-04 00:00:00-04:00,407.63,407.75
2,2024-09-05 00:00:00-04:00,407.34,407.66
2,2024-09-06 00:00:00-04:00,404.92,406.94
2,2024-09-09 00:00:00-04:00,404.65,406.67
2,2024-09-10 00:00:00-04:00,407.28,407.23
2,2024-09-11 00:00:00-04:00,411.97,408.57
2,2024-09-12 00:00:00-04:00,416.41,410.17
2,2024-09-13 00:00:00-04:00,420.56,411.95
2,2024-09-16 00:00:00-04:00,423.58,413.63
2,2024-09-17 00:00:00-04:00,426.86,415.51
2,2024-09-18 00:00:00-04:00,427.6,416.81
2,2024-09-19 00:00:00-04:00,430.71,418.72
2,2024-09-20 00:00:00-04:00,431.65,420.13
2,2024-09-23 00:00:00-04:00,431.69,421.24
2,2024-09-24 00:00:00-04:00,430.28,421.83
2,2024-09-25 00:00:00-04:00,430.32,422.65
2,2024-09-26 00:00:00-04:00,430.07,423.31
2,2024-09-27 00:00:00-04:00,428.82,423.6
2,2024-09-30 00:00:00-04:00,428.74,424.07
2,2024-10-01 00:00:00-04:00,425.5,423.59
2,2024-10-02 00:00:00-04:00,422.15,422.81
2,2024-10-03 00:00:00-04:00,419.73,422.06
2,2024-10-04 00:00:00-04:00,417.95,421.33
2,2024-10-07 00:00:00-04:00,414.6,420.05
2,2024-10-08 00:00:00-04:00,414.09,419.38
2,2024-10-09 00:00:00-04:00,414.65,419.04
2,2024-10-10 00:00:00-04:00,414.5,418.58
2,2024-10-11 00:00:00-04:00,414.55,418.21
2,2024-10-14 00:00:00-04:00,415.52,418.13
2,2024-10-15 00:00:00-04:00,416.04,418.03
2,2024-10-16 00:00:00-04:00,415.51,417.69
2,2024-10-17 00:00:00-04:00,415.36,417.44
2,2024-10-18 00:00:00-04:00,415.74,417.35
2,2024-10-21 00:00:00-04:00,416.19,417.33
2,2024-10-22 00:00:00-04:00,419.4,418.13
2,2024-10-23 00:00:00-04:00,420.57,418.59
2,2024-10-24 00:00:00-04:00,421.39,419.01
2,2024-10-25 00:00:00-04:00,423.07,419.72
2,2024-10-28 00:00:00-04:00,423.68,420.21
2,2024-10-29 00:00:00-04:00,425.86,421.17
2,2024-10-30 00:00:00-04:00,427.51,422.08
2,2024-10-31 00:00:00-04:00,419.91,420.43
2,2024-11-01 00:00:00-04:00,416.19,419.32
2,2024-11-04 00:00:00-05:00,413.07,418.13
2,2024-11-05 00:00:00-05:00,411.98,417.34
2,2024-11-06 00:00:00-05:00,414.16,417.45
2,2024-11-07 00:00:00-05:00,417.35,418.04
2,2024-11-08 00:00:00-05:00,418.52,418.31
2,2024-11-11 00:00:00-05:00,417.79,418.12
2,2024-11-12 00:00:00-05:00,418.97,418.43
2,2024-11-13 00:00:00-05:00,420.48,418.91
2,2024-11-14 00:00:00-05:00,422.05,419.51
2,2024-11-15 00:00:00-05:00,419.15,418.92
2,2024-11-18 00:00:00-05:00,417.46,418.46
2,2024-11-19 00:00:00-05:00,417.02,418.24
2,2024-11-20 00:00:00-05:00,415.95,417.82
2,2024-11-21 00:00:00-05:00,414.65,417.27
2,2024-11-22 00:00:00-05:00,415.16,417.17
2,2024-11-25 00:00:00-05:00,416.09,417.24
2,2024-11-26 00:00:00-05:00,419.77,418.18
2,2024-11-27 00:00:00-05:00,420.56,418.56
2,2024-11-29 00:00:00-05:00,421.24,418.95
2,2024-12-02 00:00:00-05:00,424.2,420.01
2,2024-12-03 00:00:00-05:00,426.25,420.99
2,2024-12-04 00:00:00-05:00,429.68,422.47
2,2024-12-05 00:00:00-05:00,433.7,424.31
2,2024-12-06 00:00:00-05:00,436.69,426.06
2,2024-12-09 00:00:00-05:00,439.5,427.87
2,2024-12-10 00:00:00-05:00,440.48,429.26
2,2024-12-11 00:00:00-05:00,443.02,431.06
2,2024-12-12 00:00:00-05:00,444.9,432.73
2,2024-12-13 00:00:00-05:00,445.39,434.03
2,2024-12-16 00:00:00-05:00,447.16,435.62
2,2024-12-17 00:00:00-05:00,449.29,437.33
2,2024-12-18 00:00:00-05:00,445.03,437.25
2,2024-12-19 00:00:00-05:00,442.07,437.14
2,2024-12-20 00:00:00-05:00,439.96,437.01
2,2024-12-23 00:00:00-05:00,438.1,436.76
2,2024-12-24 00:00:00-05:00,438.22,436.92
2,2024-12-26 00:00:00-05:00,437.89,436.95
2,2024-12-27 00:00:00-05:00,435.15,436.26
2,2024-12-30 00:00:00-05:00,431.43,435.09
2,2024-12-31 00:00:00-05:00,427.84,433.71
2,2025-01-02 00:00:00-05:00,424.47,432.19
2,2025-01-03 00:00:00-05:00,423.82,431.27
2,2025-01-06 00:00:00-05:00,424.87,430.86
2,2025-01-07 00:00:00-05:00,423.76,429.97
2,2025-01-08 00:00:00-05:00,423.74,429.38
2,2025-01-10 00:00:00-05:00,421.87,428.3
2,2025-01-13 00:00:00-05:00,420.03,427.17
2,2025-01-14 00:00:00-05:00,418.3,425.99
2,2025-01-15 00:00:00-05:00,420.68,425.94
2,2025-01-16 00:00:00-05:00,421.7,425.73
2,2025-01-17 00:00:00-05:00,423.86,425.96
2,2025-01-21 00:00:00-05:00,425.12,426.12
2,2025-01-22 00:00:00-05:00,431.85,427.95
2,2025-01-23 00:00:00-05:00,436.5,429.65
2,2025-01-24 00:00:00-05:00,438.73,430.94
2,2025-01-27 00:00:00-05:00,437.05,431.2
2,2025-01-28 00:00:00-05:00,440.13,432.64
2,2025-01-29 00:00:00-05:00,440.57,433.48
2,2025-01-30 00:00:00-05:00,431.77,431.64
2,2025-01-31 00:00:00-05:00,425.92,429.98
2,2025-02-03 00:00:00-05:00,420.65,428.09
2,2025-02-04 00:00:00-05:00,417.61,426.51
2,2025-02-05 00:00:00-05:00,415.9,425.17
2,2025-02-06 00:00:00-05:00,415.59,424.2
2,2025-02-07 00:00:00-05:00,413.37,422.75
2,2025-02-10 00:00:00-05:00,412.71,421.67
2,2025-02-11 00:00:00-05:00,412.01,420.61
2,2025-02-12 00:00:00-05:00,410.75,419.43
2,2025-02-13 00:00:00-05:00,410.41,418.51
2,2025-02-14 00:00:00-05:00,409.48,417.47
2,2025-02-18 00:00:00-05:00,409.26,416.65
2,2025-02-19 00:00:00-05:00,410.82,416.39
2,2025-02-20 00:00:00-05:00,412.59,416.36
2,2025-02-21 00:00:00-05:00,411.13,415.59
2,2025-02-24 00:00:00-05:00,408.75,414.48
2,2025-02-25 00:00:00-05:00,405.14,412.91
2,2025-02-26 00:00:00-05:00,403.33,411.65
2,2025-02-27 00:00:00-05:00,399.73,409.83
2,2025-02-28 00:00:00-05:00,398.82,408.61
3,2024-09-03 00:00:00-04:00,156.79,156.79
3,2024-09-04 00:00:00-04:00,156.49,156.7
3,2024-09-05 00:00:00-04:00,156.55,156.7
3,2024-09-06 00:00:00-04:00,154.49,156.1
3,2024-09-09 00:00:00-04:00,152.45,155.36
3,2024-09-10 00:00:00-04:00,151.07,154.69
3,2024-09-11 00:00:00-04:00,150.99,154.32
3,2024-09-12 00:00:00-04:00,152.1,154.32
3,2024-09-13 00:00:00-04:00,153.77,154.59
3,2024-09-16 00:00:00-04:00,155.08,154.88
3,2024-09-17 00:00:00-04:00,156.37,155.27
3,2024-09-18 00:00:00-04:00,157.39,155.67
3,2024-09-19 00:00:00-04:00,158.85,156.25
3,2024-09-20 00:00:00-04:00,160.31,156.91
3,2024-09-23 00:00:00-04:00,160.7,157.35
3,2024-09-24 00:00:00-04:00,161.1,157.78
3,2024-09-25 00:00:00-04:00,161.11,158.1
3,2024-09-26 00:00:00-04:00,161.53,158.51
3,2024-09-27 00:00:00-04:00,162.21,158.99
3,2024-09-30 00:00:00-04:00,163.3,159.61
3,2024-10-01 00:00:00-04:00,164.4,160.27
3,2024-10-02 00:00:00-04:00,164.76,160.77
3,2024-10-03 00:00:00-04:00,165.0,161.22
3,2024-10-04 00:00:00-04:00,165.56,161.74
3,2024-10-07 00:00:00-04:00,164.57,161.82
3,2024-10-08 00:00:00-04:00,164.38,162.03
3,2024-10-09 00:00:00-04:00,163.42,161.98
3,2024-10-10 00:00:00-04:00,162.85,161.95
3,2024-10-11 00:00:00-04:00,162.85,162.04
3,2024-10-14 00:00:00-04:00,163.43,162.28
3,2024-10-15 00:00:00-04:00,163.98,162.55
3,2024-10-16 00:00:00-04:00,164.25,162.76
3,2024-10-17 00:00:00-04:00,163.68,162.74
3,2024-10-18 00:00:00-04:00,163.47,162.77
3,2024-10-21 00:00:00-04:00,163.55,162.86
3,2024-10-22 00:00:00-04:00,163.95,163.04
3,2024-10-23 00:00:00-04:00,163.44,162.98
3,2024-10-24 00:00:00-04:00,163.07,162.92
3,2024-10-25 00:00:00-04:00,163.68,163.11
3,2024-10-28 00:00:00-04:00,164.57,163.41
3,2024-10-29 00:00:00-04:00,166.14,163.97
3,2024-10-30 00:00:00-04:00,168.78,164.93
3,2024-10-31 00:00:00-04:00,169.43,165.49
3,2024-11-01 00:00:00-04:00,169.92,166.0
3,2024-11-04 00:00:00-05:00,169.56,166.27
3,2024-11-05 00:00:00-05:00,169.49,166.57
3,2024-11-06 00:00:00-05:00,171.7,167.47
3,2024-11-07 00:00:00-05:00,174.58,168.7
3,2024-11-08 00:00:00-05:00,175.7,169.58
3,2024-11-11 00:00:00-05:00,177.11,170.57
3,2024-11-12 00:00:00-05:00,178.47,171.58
3,2024-11-13 00:00:00-05:00,178.47,172.23
3,2024-11-14 00:00:00-05:00,177.37,172.52
3,2024-11-15 00:00:00-05:00,175.61,172.47
3,2024-11-18 00:00:00-05:00,175.38,172.71
3,2024-11-19 00:00:00-05:00,176.15,173.18
3,2024-11-20 00:00:00-05:00,175.96,173.41
3,2024-11-21 00:00:00-05:00,173.06,172.82
3,2024-11-22 00:00:00-05:00,170.16,172.02
3,2024-11-25 00:00:00-05:00,169.2,171.57
3,2024-11-26 00:00:00-05:00,169.04,171.3
3,2024-11-27 00:00:00-05:00,168.98,171.06
3,2024-11-29 00:00:00-05:00,168.84,170.82
3,2024-12-02 00:00:00-05:00,169.59,170.85
3,2024-12-03 00:00:00-05:00,170.04,170.86
3,2024-12-04 00:00:00-05:00,171.35,171.16
3,2024-12-05 00:00:00-05:00,171.65,171.26
3,2024-12-06 00:00:00-05:00,172.54,171.55
3,2024-12-09 00:00:00-05:00,173.41,171.89
3,2024-12-10 00:00:00-05:00,177.26,173.14
3,2024-12-11 00:00:00-05:00,183.23,175.24
3,2024-12-12 00:00:00-05:00,186.07,176.81
3,2024-12-13 00:00:00-05:00,187.25,178.03
3,2024-12-16 00:00:00-05:00,190.31,179.78
3,2024-12-17 00:00:00-05:00,191.94,181.25
3,2024-12-18 00:00:00-05:00,190.69,181.91
3,2024-12-19 00:00:00-05:00,189.89,182.52
3,2024-12-20 00:00:00-05:00,190.32,183.34
3,2024-12-23 00:00:00-05:00,191.68,184.4
3,2024-12-24 00:00:00-05:00,193.08,185.49
3,2024-12-26 00:00:00-05:00,193.85,186.43
3,2024-12-27 00:00:00-05:00,193.41,187.01
3,2024-12-30 00:00:00-05:00,192.61,187.4
3,2024-12-31 00:00:00-05:00,191.44,187.56
3,2025-01-02 00:00:00-05:00,190.7,187.71
3,2025-01-03 00:00:00-05:00,190.99,188.08
3,2025-01-06 00:00:00-05:00,192.87,188.9
3,2025-01-07 00:00:00-05:00,193.67,189.5
3,2025-01-08 00:00:00-05:00,193.69,189.91
3,2025-01-10 00:00:00-05:00,193.07,190.09
3,2025-01-13 00:00:00-05:00,192.31,190.15
3,2025-01-14 00:00:00-05:00,191.35,190.09
3,2025-01-15 00:00:00-05:00,192.68,190.59
3,2025-01-16 00:00:00-05:00,192.68,190.79
3,2025-01-17 00:00:00-05:00,193.71,191.26
3,2025-01-21 00:00:00-05:00,195.08,191.89
3,2025-01-22 00:00:00-05:00,196.1,192.48
3,2025-01-23 00:00:00-05:00,196.65,192.98
3,2025-01-24 00:00:00-05:00,197.76,193.65
3,2025-01-27 00:00:00-05:00,195.7,193.45
3,2025-01-28 00:00:00-05:00,195.49,193.61
3,2025-01-29 00:00:00-05:00,195.39,193.76
3,2025-01-30 00:00:00-05:00,197.14,194.41
3,2025-01-31 00:00:00-05:00,199.36,195.31
3,2025-02-03 00:00:00-05:00,199.9,195.85
3,2025-02-04 00:00:00-05:00,201.98,196.83
3,2025-02-05 00:00:00-05:00,198.36,196.28
3,2025-02-06 00:00:00-05:00,196.03,195.82
3,2025-02-07 00:00:00-05:00,192.4,194.8
3,2025-02-10 00:00:00-05:00,190.35,193.99
3,2025-02-11 00:00:00-05:00,188.6,193.14
3,2025-02-12 00:00:00-05:00,186.87,192.21
3,2025-02-13 00:00:00-05:00,186.55,191.61
3,2025-02-14 00:00:00-05:00,186.04,190.99
3,2025-02-18 00:00:00-05:00,185.21,190.28
3,2025-02-19 00:00:00-05:00,185.16,189.78
3,2025-02-20 00:00:00-05:00,184.89,189.26
3,2025-02-21 00:00:00-05:00,183.08,188.33
3,2025-02-24 00:00:00-05:00,181.73,187.44
3,2025-02-25 00:00:00-05:00,179.56,186.28
3,2025-02-26 00:00:00-05:00,177.22,184.97
3,2025-02-27 00:00:00-05:00,174.25,183.38
3,2025-02-28 00:00:00-05:00,172.86,182.12
4,2024-09-03 00:00:00-04:00,176.25,176.25
4,2024-09-04 00:00:00-04:00,175.28,175.97
4,2024-09-05 00:00:00-04:00,176.15,176.15
4,2024-09-06 00:00:00-04:00,174.56,175.7
4,2024-09-09 00:00:00-04:00,174.84,175.67
4,2024-09-10 00:00:00-04:00,176.41,176.04
4,2024-09-11 00:00:00-04:00,179.11,176.85
4,2024-09-12 00:00:00-04:00,181.74,177.82
4,2024-09-13 00:00:00-04:00,183.33,178.64
4,2024-09-16 00:00:00-04:00,183.85,179.24
4,2024-09-17 00:00:00-04:00,184.86,179.96
4,2024-09-18 00:00:00-04:00,185.38,180.58
4,2024-09-19 00:00:00-04:00,186.88,181.47
4,2024-09-20 00:00:00-04:00,188.45,182.43
4,2024-09-23 00:00:00-04:00,190.26,183.52
4,2024-09-24 00:00:00-04:00,191.49,184.52
4,2024-09-25 00:00:00-04:00,191.84,185.28
4,2024-09-26 00:00:00-04:00,191.61,185.84
4,2024-09-27 00:00:00-04:00,190.4,186.04
4,2024-09-30 00:00:00-04:00,189.04,186.07
4,2024-10-01 00:00:00-04:00,187.74,185.98
4,2024-10-02 00:00:00-04:00,186.75,185.86
4,2024-10-03 00:00:00-04:00,185.15,185.49
4,2024-10-04 00:00:00-04:00,185.6,185.59
4,2024-10-07 00:00:00-04:00,184.0,185.13
4,2024-10-08 00:00:00-04:00,183.57,184.9
4,2024-10-09 00:00:00-04:00,184.11,184.93
4,2024-10-10 00:00:00-04:00,184.95,185.09
4,2024-10-11 00:00:00-04:00,186.24,185.45
4,2024-10-14 00:00:00-04:00,186.68,185.65
4,2024-10-15 00:00:00-04:00,187.01,185.84
4,2024-10-16 00:00:00-04:00,186.97,185.94
4,2024-10-17 00:00:00-04:00,187.16,186.09
4,2024-10-18 00:00:00-04:00,187.77,186.37
4,2024-10-21 00:00:00-04:00,188.2,186.63
4,2024-10-22 00:00:00-04:00,188.7,186.92
4,2024-10-23 00:00:00-04:00,187.37,186.71
4,2024-10-24 00:00:00-04:00,187.04,186.68
4,2024-10-25 00:00:00-04:00,187.3,186.79
4,2024-10-28 00:00:00-04:00,187.67,186.94
4,2024-10-29 00:00:00-04:00,188.72,187.31
4,2024-10-30 00:00:00-04:00,190.06,187.83
4,2024-10-31 00:00:00-04:00,188.84,187.69
4,2024-11-01 00:00:00-04:00,191.87,188.67
4,2024-11-04 00:00:00-05:00,193.17,189.34
4,2024-11-05 00:00:00-05:00,195.28,190.31
4,2024-11-06 00:00:00-05:00,199.22,191.91
4,2024-11-07 00:00:00-05:00,202.83,193.64
4,2024-11-08 00:00:00-05:00,204.61,195.02
4,2024-11-11 00:00:00-05:00,205.35,196.15
4,2024-11-12 00:00:00-05:00,206.54,197.36
4,2024-11-13 00:00:00-05:00,209.06,198.96
4,2024-11-14 00:00:00-05:00,209.87,200.15
4,2024-11-15 00:00:00-05:00,207.45,200.38
4,2024-11-18 00:00:00-05:00,205.53,200.51
4,2024-11-19 00:00:00-05:00,205.22,200.9
4,2024-11-20 00:00:00-05:00,204.44,201.09
4,2024-11-21 00:00:00-05:00,202.42,200.83
4,2024-11-22 00:00:00-05:00,200.65,200.48
4,2024-11-25 00:00:00-05:00,200.92,200.57
4,2024-11-26 00:00:00-05:00,203.23,201.26
4,2024-11-27 00:00:00-05:00,204.07,201.69
4,2024-11-29 00:00:00-05:00,205.34,202.28
4,2024-12-02 00:00:00-05:00,207.13,203.08
4,2024-12-03 00:00:00-05:00,209.23,204.07
4,2024-12-04 00:00:00-05:00,212.21,205.41
4,2024-12-05 00:00:00-05:00,214.99,206.85
4,2024-12-06 00:00:00-05:00,219.0,208.78
4,2024-12-09 00:00:00-05:00,221.37,210.42
4,2024-12-10 00:00:00-05:00,222.59,211.82
4,2024-12-11 00:00:00-05:00,225.15,213.57
4,2024-12-12 00:00:00-05:00,226.42,215.04
4,2024-12-13 00:00:00-05:00,226.77,216.22
4,2024-12-16 00:00:00-05:00,228.82,217.81
4,2024-12-17 00:00:00-05:00,229.6,219.08
4,2024-12-18 00:00:00-05:00,226.57,219.22
4,2024-12-19 00:00:00-05:00,225.48,219.61
4,2024-12-20 00:00:00-05:00,225.29,220.11
4,2024-12-23 00:00:00-05:00,225.21,220.58
4,2024-12-24 00:00:00-05:00,226.49,221.39
4,2024-12-26 00:00:00-05:00,226.68,221.93
4,2024-12-27 00:00:00-05:00,225.7,222.1
4,2024-12-30 00:00:00-05:00,224.23,222.03
4,2024-12-31 00:00:00-05:00,222.62,221.78
4,2025-01-02 00:00:00-05:00,221.82,221.63
4,2025-01-03 00:00:00-05:00,222.61,221.87
4,2025-01-06 00:00:00-05:00,224.28,222.42
4,2025-01-07 00:00:00-05:00,223.55,222.39
4,2025-01-08 00:00:00-05:00,223.08,222.36
4,2025-01-10 00:00:00-05:00,221.7,222.04
4,2025-01-13 00:00:00-05:00,220.62,221.7
4,2025-01-14 00:00:00-05:00,219.67,221.32
4,2025-01-15 00:00:00-05:00,220.89,221.52
4,2025-01-16 00:00:00-05:00,220.82,221.43
4,2025-01-17 00:00:00-05:00,222.52,221.86
4,2025-01-21 00:00:00-05:00,225.25,222.71
4,2025-01-22 00:00:00-05:00,228.51,223.88
4,2025-01-23 00:00:00-05:00,230.81,224.98
4,2025-01-24 00:00:00-05:00,232.16,225.92
4,2025-01-27 00:00:00-05:00,233.24,226.82
4,2025-01-28 00:00:00-05:00,234.88,227.9
4,2025-01-29 00:00:00-05:00,235.61,228.77
4,2025-01-30 00:00:00-05:00,235.29,229.33
4,2025-01-31 00:00:00-05:00,236.08,230.13
4,2025-02-03 00:00:00-05:00,236.53,230.82
4,2025-02-04 00:00:00-05:00,238.37,231.89
4,2025-02-05 00:00:00-05:00,237.64,232.3
4,2025-02-06 00:00:00-05:00,238.04,232.92
4,2025-02-07 00:00:00-05:00,235.07,232.56
4,2025-02-10 00:00:00-05:00,234.43,232.62
4,2025-02-11 00:00:00-05:00,233.87,232.63
4,2025-02-12 00:00:00-05:00,232.23,232.28
4,2025-02-13 00:00:00-05:00,231.61,232.1
4,2025-02-14 00:00:00-05:00,230.63,231.77
4,2025-02-18 00:00:00-05:00,229.3,231.28
4,2025-02-19 00:00:00-05:00,228.41,230.84
4,2025-02-20 00:00:00-05:00,226.57,230.08
4,2025-02-21 00:00:00-05:00,223.24,228.8
4,2025-02-24 00:00:00-05:00,219.73,227.26
4,2025-02-25 00:00:00-05:00,217.42,225.89
4,2025-02-26 00:00:00-05:00,216.4,224.79
4,2025-02-27 00:00:00-05:00,213.84,223.26
4,2025-02-28 00:00:00-05:00,213.32,222.21
5,2024-09-03 00:00:00-04:00,210.6,210.6
5,2024-09-04 00:00:00-04:00,213.54,211.44
5,2024-09-05 00:00:00-04:00,219.08,213.22
5,2024-09-06 00:00:00-04:00,216.3,212.99
5,2024-09-09 00:00:00-04:00,216.29,213.3
5,2024-09-10 00:00:00-04:00,219.58,214.52
5,2024-09-11 00:00:00-04:00,222.43,215.82
5,2024-09-12 00:00:00-04:00,224.89,217.15
5,2024-09-13 00:00:00-04:00,226.69,218.4
5,2024-09-16 00:00:00-04:00,226.72,219.2
5,2024-09-17 00:00:00-04:00,227.1,220.03
5,2024-09-18 00:00:00-04:00,227.14,220.71
5,2024-09-19 00:00:00-04:00,232.73,222.92
5,2024-09-20 00:00:00-04:00,234.57,224.38
5,2024-09-23 00:00:00-04:00,239.71,226.82
5,2024-09-24 00:00:00-04:00,244.57,229.43
5,2024-09-25 00:00:00-04:00,248.72,232.06
5,2024-09-26 00:00:00-04:00,250.55,234.17
5,2024-09-27 00:00:00-04:00,253.85,236.68
5,2024-09-30 00:00:00-04:00,256.45,239.05
5,2024-10-01 00:00:00-04:00,256.97,240.86
5,2024-10-02 00:00:00-04:00,254.32,241.64
5,2024-10-03 00:00:00-04:00,249.77,241.54
5,2024-10-04 00:00:00-04:00,249.87,242.36
5,2024-10-07 00:00:00-04:00,246.86,242.21
5,2024-10-08 00:00:00-04:00,246.07,242.43
5,2024-10-09 00:00:00-04:00,244.4,242.3
5,2024-10-10 00:00:00-04:00,242.52,241.96
5,2024-10-11 00:00:00-04:00,234.28,239.66
5,2024-10-14 00:00:00-04:00,229.24,237.71
5,2024-10-15 00:00:00-04:00,226.02,235.98
5,2024-10-16 00:00:00-04:00,224.45,234.59
5,2024-10-17 00:00:00-04:00,223.27,233.28
5,2024-10-18 00:00:00-04:00,222.41,232.08
5,2024-10-21 00:00:00-04:00,221.22,230.82
5,2024-10-22 00:00:00-04:00,220.14,229.6
5,2024-10-23 00:00:00-04:00,217.98,228.08
5,2024-10-24 00:00:00-04:00,232.14,231.17
5,2024-10-25 00:00:00-04:00,244.49,234.79
5,2024-10-28 00:00:00-04:00,250.5,237.43
5,2024-10-29 00:00:00-04:00,253.51,239.53
5,2024-10-30 00:00:00-04:00,254.85,241.25
5,2024-10-31 00:00:00-04:00,253.19,242.07
5,2024-11-01 00:00:00-04:00,251.78,242.72
5,2024-11-04 00:00:00-05:00,248.8,242.74
5,2024-11-05 00:00:00-05:00,249.68,243.56
5,2024-11-06 00:00:00-05:00,262.63,247.85
5,2024-11-07 00:00:00-05:00,274.06,252.52
5,2024-11-08 00:00:00-05:00,289.78,259.06
5,2024-11-11 00:00:00-05:00,309.85,267.72
5,2024-11-12 00:00:00-05:00,316.06,273.51
5,2024-11-13 00:00:00-05:00,320.79,278.91
5,2024-11-14 00:00:00-05:00,317.59,281.99
5,2024-11-15 00:00:00-05:00,318.63,285.68
5,2024-11-18 00:00:00-05:00,325.33,290.73
5,2024-11-19 00:00:00-05:00,332.22,295.99
5,2024-11-20 00:00:00-05:00,335.49,300.38
5,2024-11-21 00:00:00-05:00,336.87,304.12
5,2024-11-22 00:00:00-05:00,342.1,308.73
5,2024-11-25 00:00:00-05:00,340.93,311.57
5,2024-11-26 00:00:00-05:00,340.03,314.11
5,2024-11-27 00:00:00-05:00,337.65,315.9
5,2024-11-29 00:00:00-05:00,340.15,318.69
5,2024-12-02 00:00:00-05:00,345.8,322.35
5,2024-12-03 00:00:00-05:00,347.67,325.11
5,2024-12-04 00:00:00-05:00,351.09,328.24
5,2024-12-05 00:00:00-05:00,357.22,332.17
5,2024-12-06 00:00:00-05:00,367.89,337.6
5,2024-12-09 00:00:00-05:00,375.19,342.57
5,2024-12-10 00:00:00-05:00,383.79,348.14
5,2024-12-11 00:00:00-05:00,397.45,355.43
5,2024-12-12 00:00:00-05:00,404.33,361.4
5,2024-12-13 00:00:00-05:00,414.97,368.53
5,2024-12-16 00:00:00-05:00,430.98,377.53
5,2024-12-17 00:00:00-05:00,447.28,387.27
5,2024-12-18 00:00:00-05:00,444.89,392.31
5,2024-12-19 00:00:00-05:00,441.99,396.49
5,2024-12-20 00:00:00-05:00,435.01,398.83
5,2024-12-23 00:00:00-05:00,433.54,401.85
5,2024-12-24 00:00:00-05:00,443.12,407.61
5,2024-12-26 00:00:00-05:00,446.79,412.04
5,2024-12-27 00:00:00-05:00,441.75,413.91
5,2024-12-30 00:00:00-05:00,433.63,414.24
5,2024-12-31 00:00:00-05:00,423.7,413.25
5,2025-01-02 00:00:00-05:00,408.9,410.01
5,2025-01-03 00:00:00-05:00,409.41,410.05
5,2025-01-06 00:00:00-05:00,409.96,410.15
5,2025-01-07 00:00:00-05:00,404.76,408.65
5,2025-01-08 00:00:00-05:00,401.49,407.34
5,2025-01-10 00:00:00-05:00,399.24,406.14
5,2025-01-13 00:00:00-05:00,400.59,405.87
5,2025-01-14 00:00:00-05:00,399.18,404.97
5,2025-01-15 00:00:00-05:00,408.86,407.18
5,2025-01-16 00:00:00-05:00,410.51,407.81
5,2025-01-17 00:00:00-05:00,415.84,409.59
5,2025-01-21 00:00:00-05:00,418.59,410.97
5,2025-01-22 00:00:00-05:00,417.43,411.37
5,2025-01-23 00:00:00-05:00,415.74,411.46
5,2025-01-24 00:00:00-05:00,412.69,411.0
5,2025-01-27 00:00:00-05:00,407.51,409.68
5,2025-01-28 00:00:00-05:00,404.37,408.57
5,2025-01-29 00:00:00-05:00,399.28,406.72
5,2025-01-30 00:00:00-05:00,399.61,406.11
5,2025-01-31 00:00:00-05:00,401.28,405.96
5,2025-02-03 00:00:00-05:00,395.41,403.84
5,2025-02-04 00:00:00-05:00,394.34,402.73
5,2025-02-05 00:00:00-05:00,388.95,400.39
5,2025-02-06 00:00:00-05:00,384.07,397.91
5,2025-02-07 00:00:00-05:00,376.59,394.45
5,2025-02-10 00:00:00-05:00,367.97,390.29
5,2025-02-11 00:00:00-05:00,354.81,384.41
5,2025-02-12 00:00:00-05:00,348.71,379.84
5,2025-02-13 00:00:00-05:00,351.12,377.57
5,2025-02-14 00:00:00-05:00,352.69,375.5
5,2025-02-18 00:00:00-05:00,353.17,373.46
5,2025-02-19 00:00:00-05:00,355.63,372.23
5,2025-02-20 00:00:00-05:00,355.22,370.53
5,2025-02-21 00:00:00-05:00,349.41,367.42
5,2025-02-24 00:00:00-05:00,343.12,363.9
5,2025-02-25 00:00:00-05:00,329.68,358.08
5,2025-02-26 00:00:00-05:00,316.72,351.68
5,2025-02-27 00:00:00-05:00,305.13,345.04
5,2025-02-28 00:00:00-05:00,301.08,340.08
6,2024-09-03 00:00:00-04:00,510.41,510.41
6,2024-09-04 00:00:00-04:00,510.73,510.5
6,2024-09-05 00:00:00-04:00,512.32,510.97
6,2024-09-06 00:00:00-04:00,507.86,509.83
6,2024-09-09 00:00:00-04:00,506.39,509.22
6,2024-09-10 00:00:00-04:00,505.41,508.67
6,2024-09-11 00:00:00-04:00,507.1,508.84
6,2024-09-12 00:00:00-04:00,512.8,510.31
6,2024-09-13 00:00:00-04:00,516.28,511.54
6,2024-09-16 00:00:00-04:00,521.65,513.52
6,2024-09-17 00:00:00-04:00,526.23,515.61
6,2024-09-18 00:00:00-04:00,529.84,517.65
6,2024-09-19 00:00:00-04:00,539.27,521.51
6,2024-09-20 00:00:00-04:00,546.32,525.21
6,2024-09-23 00:00:00-04:00,552.03,528.85
6,2024-09-24 00:00:00-04:00,555.48,532.05
6,2024-09-25 00:00:00-04:00,559.43,535.41
6,2024-09-26 00:00:00-04:00,561.92,538.4
6,2024-09-27 00:00:00-04:00,563.41,541.07
6,2024-09-30 00:00:00-04:00,566.1,543.97
6,2024-10-01 00:00:00-04:00,569.23,546.97
6,2024-10-02 00:00:00-04:00,570.1,549.34
6,2024-10-03 00:00:00-04:00,573.99,552.43
6,2024-10-04 00:00:00-04:00,580.97,556.48
6,2024-10-07 00:00:00-04:00,581.91,559.08
6,2024-10-08 00:00:00-04:00,585.24,562.2
6,2024-10-09 00:00:00-04:00,586.66,564.8
6,2024-10-10 00:00:00-04:00,585.39,566.52
6,2024-10-11 00:00:00-04:00,586.58,568.66
6,2024-10-14 00:00:00-04:00,587.52,570.63
6,2024-10-15 00:00:00-04:00,586.77,572.03
6,2024-10-16 00:00:00-04:00,583.12,572.39
6,2024-10-17 00:00:00-04:00,580.73,572.73
6,2024-10-18 00:00:00-04:00,578.99,572.99
6,2024-10-21 00:00:00-04:00,577.39,573.11
6,2024-10-22 00:00:00-04:00,578.6,573.86
6,2024-10-23 00:00:00-04:00,573.31,572.8
6,2024-10-24 00:00:00-04:00,571.15,572.23
6,2024-10-25 00:00:00-04:00,571.52,572.23
6,2024-10-28 00:00:00-04:00,573.41,572.71
6,2024-10-29 00:00:00-04:00,579.7,574.57
6,2024-10-30 00:00:00-04:00,583.4,576.12
6,2024-10-31 00:00:00-04:00,577.8,575.21
6,2024-11-01 00:00:00-04:00,573.94,574.35
6,2024-11-04 00:00:00-05:00,569.2,572.96
6,2024-11-05 00:00:00-05:00,569.95,572.82
6,2024-11-06 00:00:00-05:00,570.33,572.65
6,2024-11-07 00:00:00-05:00,577.12,574.37
6,2024-11-08 00:00:00-05:00,580.86,575.7
6,2024-11-11 00:00:00-05:00,581.3,576.32
6,2024-11-12 00:00:00-05:00,582.14,577.03
6,2024-11-13 00:00:00-05:00,581.1,577.22
6,2024-11-14 00:00:00-05:00,579.46,577.12
6,2024-11-15 00:00:00-05:00,570.69,574.84
6,2024-11-18 00:00:00-05:00,564.95,572.8
6,2024-11-19 00:00:00-05:00,563.34,571.6
6,2024-11-20 00:00:00-05:00,563.75,570.93
6,2024-11-21 00:00:00-05:00,563.21,570.09
6,2024-11-22 00:00:00-05:00,561.54,568.96
6,2024-11-25 00:00:00-05:00,562.41,568.5
6,2024-11-26 00:00:00-05:00,565.8,568.89
6,2024-11-27 00:00:00-05:00,566.61,568.82
6,2024-11-29 00:00:00-05:00,568.86,569.26
6,2024-12-02 00:00:00-05:00,576.51,571.41
6,2024-12-03 00:00:00-05:00,588.54,575.33
6,2024-12-04 00:00:00-05:00,596.61,578.89
6,2024-12-05 00:00:00-05:00,600.37,581.65
6,2024-12-06 00:00:00-05:00,607.82,585.57
6,2024-12-09 00:00:00-05:00,609.39,588.13
6,2024-12-10 00:00:00-05:00,612.35,591.0
6,2024-12-11 00:00:00-05:00,618.77,594.87
6,2024-12-12 00:00:00-05:00,622.42,598.19
6,2024-12-13 00:00:00-05:00,621.38,600.2
6,2024-12-16 00:00:00-05:00,622.15,602.44
6,2024-12-17 00:00:00-05:00,621.06,604.0
6,2024-12-18 00:00:00-05:00,612.93,603.3
6,2024-12-19 00:00:00-05:00,606.97,602.52
6,2024-12-20 00:00:00-05:00,599.55,600.82
6,2024-12-23 00:00:00-05:00,599.47,600.68
6,2024-12-24 00:00:00-05:00,602.05,601.3
6,2024-12-26 00:00:00-05:00,602.31,601.45
6,2024-12-27 00:00:00-05:00,601.3,601.24
6,2024-12-30 00:00:00-05:00,597.77,600.24
6,2024-12-31 00:00:00-05:00,593.51,598.78
6,2025-01-02 00:00:00-05:00,595.24,598.78
6,2025-01-03 00:00:00-05:00,598.19,599.28
6,2025-01-06 00:00:00-05:00,608.67,602.17
6,2025-01-07 00:00:00-05:00,611.56,603.62
6,2025-01-08 00:00:00-05:00,611.1,604.24
6,2025-01-10 00:00:00-05:00,612.51,605.3
6,2025-01-13 00:00:00-05:00,610.93,605.54
6,2025-01-14 00:00:00-05:00,605.2,604.41
6,2025-01-15 00:00:00-05:00,608.99,605.57
6,2025-01-16 00:00:00-05:00,609.58,606.06
6,2025-01-17 00:00:00-05:00,610.46,606.65
6,2025-01-21 00:00:00-05:00,612.28,607.53
6,2025-01-22 00:00:00-05:00,615.83,609.0
6,2025-01-23 00:00:00-05:00,622.52,611.56
6,2025-01-24 00:00:00-05:00,630.65,614.93
6,2025-01-27 00:00:00-05:00,640.2,619.15
6,2025-01-28 00:00:00-05:00,651.38,624.35
6,2025-01-29 00:00:00-05:00,659.55,629.26
6,2025-01-30 00:00:00-05:00,668.49,634.7
6,2025-01-31 00:00:00-05:00,675.19,639.83
6,2025-02-03 00:00:00-05:00,682.4,645.26
6,2025-02-04 00:00:00-05:00,689.46,650.81
6,2025-02-05 00:00:00-05:00,694.39,655.9
6,2025-02-06 00:00:00-05:00,700.04,661.18
6,2025-02-07 00:00:00-05:00,704.66,666.2
6,2025-02-10 00:00:00-05:00,708.69,671.02
6,2025-02-11 00:00:00-05:00,712.18,675.6
6,2025-02-12 00:00:00-05:00,716.37,680.28
6,2025-02-13 00:00:00-05:00,720.21,684.82
6,2025-02-14 00:00:00-05:00,725.48,689.69
6,2025-02-18 00:00:00-05:00,722.23,692.17
6,2025-02-19 00:00:00-05:00,715.87,693.22
6,2025-02-20 00:00:00-05:00,708.65,693.31
6,2025-02-21 00:00:00-05:00,700.08,692.33
6,2025-02-24 00:00:00-05:00,689.23,689.97
6,2025-02-25 00:00:00-05:00,678.46,686.82
6,2025-02-26 00:00:00-05:00,676.67,685.51
6,2025-02-27 00:00:00-05:00,670.33,682.86
6,2025-02-28 00:00:00-05:00,669.43,681.41
7,2024-09-03 00:00:00-04:00,107.97,107.97
7,2024-09-04 00:00:00-04:00,107.38,107.8
7,2024-09-05 00:00:00-04:00,107.31,107.74
7,2024-09-06 00:00:00-04:00,105.81,107.27
7,2024-09-09 00:00:00-04:00,106.02,107.19
7,2024-09-10 00:00:00-04:00,106.71,107.28
7,2024-09-11 00:00:00-04:00,110.1,108.19
7,2024-09-12 00:00:00-04:00,113.11,109.23
7,2024-09-13 00:00:00-04:00,115.1,110.17
7,2024-09-16 00:00:00-04:00,115.65,110.8
7,2024-09-17 00:00:00-04:00,115.62,111.25
7,2024-09-18 00:00:00-04:00,114.87,111.45
7,2024-09-19 00:00:00-04:00,115.86,112.06
7,2024-09-20 00:00:00-04:00,115.9,112.44
7,2024-09-23 00:00:00-04:00,116.01,112.8
7,2024-09-24 00:00:00-04:00,117.63,113.57
7,2024-09-25 00:00:00-04:00,119.58,114.51
7,2024-09-26 00:00:00-04:00,121.06,115.42
7,2024-09-27 00:00:00-04:00,121.17,115.98
7,2024-09-30 00:00:00-04:00,121.25,116.5
7,2024-10-01 00:00:00-04:00,119.83,116.55
7,2024-10-02 00:00:00-04:00,119.5,116.76
7,2024-10-03 00:00:00-04:00,120.61,117.34
7,2024-10-04 00:00:00-04:00,122.04,118.06
7,2024-10-07 00:00:00-04:00,123.93,118.98
7,2024-10-08 00:00:00-04:00,126.91,120.3
7,2024-10-09 00:00:00-04:00,128.81,121.48
7,2024-10-10 00:00:00-04:00,130.81,122.74
7,2024-10-11 00:00:00-04:00,132.13,123.89
7,2024-10-14 00:00:00-04:00,134.1,125.24
7,2024-10-15 00:00:00-04:00,133.26,125.84
7,2024-10-16 00:00:00-04:00,134.07,126.78
7,2024-10-17 00:00:00-04:00,135.02,127.75
7,2024-10-18 00:00:00-04:00,136.0,128.72
7,2024-10-21 00:00:00-04:00,138.57,130.15
7,2024-10-22 00:00:00-04:00,140.23,131.42
7,2024-10-23 00:00:00-04:00,140.0,132.2
7,2024-10-24 00:00:00-04:00,140.13,132.98
7,2024-10-25 00:00:00-04:00,140.59,133.79
7,2024-10-28 00:00:00-04:00,140.56,134.43
7,2024-10-29 00:00:00-04:00,140.78,135.08
7,2024-10-30 00:00:00-04:00,140.29,135.48
7,2024-10-31 00:00:00-04:00,137.78,135.22
7,2024-11-01 00:00:00-04:00,136.98,135.23
7,2024-11-04 00:00:00-05:00,136.66,135.31
7,2024-11-05 00:00:00-05:00,137.74,135.75
7,2024-11-06 00:00:00-05:00,140.35,136.68
7,2024-11-07 00:00:00-05:00,143.19,137.84
7,2024-11-08 00:00:00-05:00,144.66,138.77
7,2024-11-11 00:00:00-05:00,144.85,139.39
7,2024-11-12 00:00:00-05:00,145.99,140.23
7,2024-11-13 00:00:00-05:00,146.08,140.81
7,2024-11-14 00:00:00-05:00,146.3,141.37
7,2024-11-15 00:00:00-05:00,144.85,141.43
7,2024-11-18 00:00:00-05:00,143.28,141.3
7,2024-11-19 00:00:00-05:00,144.51,141.84
7,2024-11-20 00:00:00-05:00,144.96,142.23
7,2024-11-21 00:00:00-05:00,145.52,142.65
7,2024-11-22 00:00:00-05:00,144.33,142.58
7,2024-11-25 00:00:00-05:00,141.55,141.95
7,2024-11-26 00:00:00-05:00,140.0,141.47
7,2024-11-27 00:00:00-05:00,138.44,140.89
7,2024-11-29 00:00:00-05:00,138.37,140.63
7,2024-12-02 00:00:00-05:00,138.45,140.44
7,2024-12-03 00:00:00-05:00,139.04,140.42
7,2024-12-04 00:00:00-05:00,141.07,140.87
7,2024-12-05 00:00:00-05:00,142.39,141.27
7,2024-12-06 00:00:00-05:00,142.41,141.38
7,2024-12-09 00:00:00-05:00,141.2,141.13
7,2024-12-10 00:00:00-05:00,139.15,140.55
7,2024-12-11 00:00:00-05:00,139.2,140.43
7,2024-12-12 00:00:00-05:00,138.58,140.14
7,2024-12-13 00:00:00-05:00,137.13,139.58
7,2024-12-16 00:00:00-05:00,135.42,138.85
7,2024-12-17 00:00:00-05:00,133.74,138.05
7,2024-12-18 00:00:00-05:00,132.12,137.17
7,2024-12-19 00:00:00-05:00,131.64,136.55
7,2024-12-20 00:00:00-05:00,132.65,136.38
7,2024-12-23 00:00:00-05:00,134.99,136.69
7,2024-12-24 00:00:00-05:00,136.73,137.02
7,2024-12-26 00:00:00-05:00,137.79,137.3
7,2024-12-27 00:00:00-05:00,137.53,137.27
7,2024-12-30 00:00:00-05:00,137.51,137.29
7,2024-12-31 00:00:00-05:00,136.43,137.0
7,2025-01-02 00:00:00-05:00,137.05,137.13
7,2025-01-03 00:00:00-05:00,139.52,137.82
7,2025-01-06 00:00:00-05:00,142.82,138.93
7,2025-01-07 00:00:00-05:00,141.92,139.04
7,2025-01-08 00:00:00-05:00,141.31,139.14
7,2025-01-10 00:00:00-05:00,139.51,138.83
7,2025-01-13 00:00:00-05:00,137.41,138.3
7,2025-01-14 00:00:00-05:00,135.52,137.68
7,2025-01-15 00:00:00-05:00,135.76,137.54
7,2025-01-16 00:00:00-05:00,135.02,137.16
7,2025-01-17 00:00:00-05:00,135.92,137.21
7,2025-01-21 00:00:00-05:00,137.55,137.55
7,2025-01-22 00:00:00-05:00,140.72,138.46
7,2025-01-23 00:00:00-05:00,142.88,139.29
7,2025-01-24 00:00:00-05:00,142.79,139.61
7,2025-01-27 00:00:00-05:00,134.66,137.59
7,2025-01-28 00:00:00-05:00,132.77,136.77
7,2025-01-29 00:00:00-05:00,129.74,135.52
7,2025-01-30 00:00:00-05:00,128.04,134.49
7,2025-01-31 00:00:00-05:00,125.38,133.11
7,2025-02-03 00:00:00-05:00,122.47,131.54
7,2025-02-04 00:00:00-05:00,121.19,130.32
7,2025-02-05 00:00:00-05:00,122.4,129.79
7,2025-02-06 00:00:00-05:00,124.49,129.68
7,2025-02-07 00:00:00-05:00,126.27,129.7
7,2025-02-10 00:00:00-05:00,128.7,130.07
7,2025-02-11 00:00:00-05:00,130.06,130.33
7,2025-02-12 00:00:00-05:00,130.42,130.4
7,2025-02-13 00:00:00-05:00,132.04,130.87
7,2025-02-14 00:00:00-05:00,134.3,131.63
7,2025-02-18 00:00:00-05:00,136.0,132.36
7,2025-02-19 00:00:00-05:00,137.07,133.02
7,2025-02-20 00:00:00-05:00,138.08,133.69
7,2025-02-21 00:00:00-05:00,136.86,133.76
7,2025-02-24 00:00:00-05:00,134.66,133.43
7,2025-02-25 00:00:00-05:00,131.98,132.78
7,2025-02-26 00:00:00-05:00,131.74,132.64
7,2025-02-27 00:00:00-05:00,127.88,131.45
7,2025-02-28 00:00:00-05:00,126.89,130.82
8,2024-09-03 00:00:00-04:00,136.94,136.94
8,2024-09-04 00:00:00-04:00,138.25,137.31
8,2024-09-05 00:00:00-04:00,138.65,137.52
8,2024-09-06 00:00:00-04:00,137.21,137.22
8,2024-09-09 00:00:00-04:00,137.53,137.3
8,2024-09-10 00:00:00-04:00,139.3,137.83
8,2024-09-11 00:00:00-04:00,142.82,138.98
8,2024-09-12 00:00:00-04:00,145.47,140.1
8,2024-09-13 00:00:00-04:00,147.75,141.26
8,2024-09-16 00:00:00-04:00,149.19,142.29
8,2024-09-17 00:00:00-04:00,149.74,143.11
8,2024-09-18 00:00:00-04:00,149.25,143.6
8,2024-09-19 00:00:00-04:00,151.75,144.85
8,2024-09-20 00:00:00-04:00,153.15,145.91
8,2024-09-23 00:00:00-04:00,154.35,146.94
8,2024-09-24 00:00:00-04:00,155.67,148.02
8,2024-09-25 00:00:00-04:00,157.79,149.36
8,2024-09-26 00:00:00-04:00,161.02,151.08
8,2024-09-27 00:00:00-04:00,162.13,152.35
8,2024-09-30 00:00:00-04:00,162.78,153.46
8,2024-10-01 00:00:00-04:00,161.77,154.06
8,2024-10-02 00:00:00-04:00,161.11,154.61
8,2024-10-03 00:00:00-04:00,161.69,155.39
8,2024-10-04 00:00:00-04:00,164.76,156.87
8,2024-10-07 00:00:00-04:00,166.83,158.21
8,2024-10-08 00:00:00-04:00,168.82,159.6
8,2024-10-09 00:00:00-04:00,169.55,160.69
8,2024-10-10 00:00:00-04:00,167.76,161.02
8,2024-10-11 00:00:00-04:00,167.8,161.68
8,2024-10-14 00:00:00-04:00,166.96,162.02
8,2024-10-15 00:00:00-04:00,163.52,161.51
8,2024-10-16 00:00:00-04:00,161.06,160.99
8,2024-10-17 00:00:00-04:00,159.45,160.54
8,2024-10-18 00:00:00-04:00,158.29,160.11
8,2024-10-21 00:00:00-04:00,158.16,159.9
8,2024-10-22 00:00:00-04:00,156.8,159.34
8,2024-10-23 00:00:00-04:00,155.51,158.73
8,2024-10-24 00:00:00-04:00,154.82,158.23
8,2024-10-25 00:00:00-04:00,155.29,158.04
8,2024-10-28 00:00:00-04:00,156.83,158.22
8,2024-10-29 00:00:00-04:00,159.97,158.98
8,2024-10-30 00:00:00-04:00,156.18,157.99
8,2024-10-31 00:00:00-04:00,152.14,156.67
8,2024-11-01 00:00:00-04:00,148.72,155.26
8,2024-11-04 00:00:00-05:00,146.05,153.87
8,2024-11-05 00:00:00-05:00,144.58,152.71
8,2024-11-06 00:00:00-05:00,144.76,151.98
8,2024-11-07 00:00:00-05:00,146.44,151.78
8,2024-11-08 00:00:00-05:00,146.95,151.41
8,2024-11-11 00:00:00-05:00,147.08,151.03
8,2024-11-12 00:00:00-05:00,145.93,150.32
8,2024-11-13 00:00:00-05:00,143.72,149.27
8,2024-11-14 00:00:00-05:00,142.09,148.28
8,2024-11-15 00:00:00-05:00,139.7,147.0
8,2024-11-18 00:00:00-05:00,139.44,146.24
8,2024-11-19 00:00:00-05:00,139.42,145.58
8,2024-11-20 00:00:00-05:00,138.82,144.82
8,2024-11-21 00:00:00-05:00,138.37,144.12
8,2024-11-22 00:00:00-05:00,138.37,143.57
8,2024-11-25 00:00:00-05:00,139.29,143.34
8,2024-11-26 00:00:00-05:00,138.76,142.81
8,2024-11-27 00:00:00-05:00,137.92,142.18
8,2024-11-29 00:00:00-05:00,137.68,141.7
8,2024-12-02 00:00:00-05:00,139.14,141.74
8,2024-12-03 00:00:00-05:00,140.08,141.76
8,2024-12-04 00:00:00-05:00,141.39,141.97
8,2024-12-05 00:00:00-05:00,141.38,141.92
8,2024-12-06 00:00:00-05:00,140.45,141.6
8,2024-12-09 00:00:00-05:00,137.26,140.58
8,2024-12-10 00:00:00-05:00,134.08,139.35
8,2024-12-11 00:00:00-05:00,132.77,138.48
8,2024-12-12 00:00:00-05:00,132.05,137.73
8,2024-12-13 00:00:00-05:00,130.34,136.7
8,2024-12-16 00:00:00-05:00,129.12,135.74
8,2024-12-17 00:00:00-05:00,127.75,134.72
8,2024-12-18 00:00:00-05:00,125.64,133.45
8,2024-12-19 00:00:00-05:00,123.39,132.07
8,2024-12-20 00:00:00-05:00,121.99,130.84
8,2024-12-23 00:00:00-05:00,122.86,130.25
8,2024-12-24 00:00:00-05:00,124.01,129.87
8,2024-12-26 00:00:00-05:00,124.36,129.41
8,2024-12-27 00:00:00-05:00,124.63,129.01
8,2024-12-30 00:00:00-05:00,123.9,128.38
8,2024-12-31 00:00:00-05:00,122.87,127.66
8,2025-01-02 00:00:00-05:00,122.12,126.99
8,2025-01-03 00:00:00-05:00,123.2,126.84
8,2025-01-06 00:00:00-05:00,125.32,127.1
8,2025-01-07 00:00:00-05:00,125.99,127.12
8,2025-01-08 00:00:00-05:00,124.61,126.62
8,2025-01-10 00:00:00-05:00,121.75,125.61
8,2025-01-13 00:00:00-05:00,120.27,124.82
8,2025-01-14 00:00:00-05:00,118.88,123.99
8,2025-01-15 00:00:00-05:00,119.24,123.6
8,2025-01-16 00:00:00-05:00,118.97,123.11
8,2025-01-17 00:00:00-05:00,119.8,122.95
8,2025-01-21 00:00:00-05:00,120.63,122.89
8,2025-01-22 00:00:00-05:00,121.67,122.97
8,2025-01-23 00:00:00-05:00,122.13,122.98
8,2025-01-24 00:00:00-05:00,122.36,122.97
8,2025-01-27 00:00:00-05:00,119.91,122.21
8,2025-01-28 00:00:00-05:00,118.0,121.44
8,2025-01-29 00:00:00-05:00,117.78,121.05
8,2025-01-30 00:00:00-05:00,118.14,120.84
8,2025-01-31 00:00:00-05:00,117.41,120.38
8,2025-02-03 00:00:00-05:00,116.36,119.8
8,2025-02-04 00:00:00-05:00,117.41,119.77
8,2025-02-05 00:00:00-05:00,115.61,119.03
8,2025-02-06 00:00:00-05:00,113.79,118.18
8,2025-02-07 00:00:00-05:00,111.72,117.17
8,2025-02-10 00:00:00-05:00,111.3,116.54
8,2025-02-11 00:00:00-05:00,111.24,116.02
8,2025-02-12 00:00:00-05:00,111.4,115.61
8,2025-02-13 00:00:00-05:00,111.53,115.25
8,2025-02-14 00:00:00-05:00,112.06,115.04
8,2025-02-18 00:00:00-05:00,112.8,114.97
8,2025-02-19 00:00:00-05:00,113.43,114.94
8,2025-02-20 00:00:00-05:00,113.68,114.87
8,2025-02-21 00:00:00-05:00,112.73,114.49
8,2025-02-24 00:00:00-05:00,111.19,113.88
8,2025-02-25 00:00:00-05:00,108.78,112.93
8,2025-02-26 00:00:00-05:00,107.43,112.15
8,2025-02-27 00:00:00-05:00,104.79,110.95
8,2025-02-28 00:00:00-05:00,103.15,109.89
9,2024-09-03 00:00:00-04:00,876.44,876.44
9,2024-09-04 00:00:00-04:00,880.24,877.52
9,2024-09-05 00:00:00-04:00,881.44,878.12
9,2024-09-06 00:00:00-04:00,879.14,877.78
9,2024-09-09 00:00:00-04:00,884.2,879.36
9,2024-09-10 00:00:00-04:00,886.84,880.57
9,2024-09-11 00:00:00-04:00,890.63,882.25
9,2024-09-12 00:00:00-04:00,898.02,885.16
9,2024-09-13 00:00:00-04:00,903.27,887.89
9,2024-09-16 00:00:00-04:00,904.07,889.58
9,2024-09-17 00:00:00-04:00,901.08,890.11
9,2024-09-18 00:00:00-04:00,897.5,890.13
9,2024-09-19 00:00:00-04:00,897.85,890.93
9,2024-09-20 00:00:00-04:00,900.16,892.25
9,2024-09-23 00:00:00-04:00,905.06,894.4
9,2024-09-24 00:00:00-04:00,903.16,894.87
9,2024-09-25 00:00:00-04:00,904.17,895.95
9,2024-09-26 00:00:00-04:00,902.53,896.27
9,2024-09-27 00:00:00-04:00,896.18,895.05
9,2024-09-30 00:00:00-04:00,892.24,894.03
9,2024-10-01 00:00:00-04:00,886.58,892.24
9,2024-10-02 00:00:00-04:00,883.18,890.73
9,2024-10-03 00:00:00-04:00,879.97,889.1
9,2024-10-04 00:00:00-04:00,880.3,888.32
9,2024-10-07 00:00:00-04:00,877.36,886.72
9,2024-10-08 00:00:00-04:00,880.99,886.86
9,2024-10-09 00:00:00-04:00,889.62,888.77
9,2024-10-10 00:00:00-04:00,890.24,889.03
9,2024-10-11 00:00:00-04:00,889.11,888.82
9,2024-10-14 00:00:00-04:00,888.61,888.7
9,2024-10-15 00:00:00-04:00,889.88,889.06
9,2024-10-16 00:00:00-04:00,888.33,888.7
9,2024-10-17 00:00:00-04:00,886.6,888.17
9,2024-10-18 00:00:00-04:00,886.87,888.09
9,2024-10-21 00:00:00-04:00,886.12,887.76
9,2024-10-22 00:00:00-04:00,887.85,888.1
9,2024-10-23 00:00:00-04:00,890.9,888.95
9,2024-10-24 00:00:00-04:00,891.01,889.17
9,2024-10-25 00:00:00-04:00,890.36,889.16
9,2024-10-28 00:00:00-04:00,889.84,889.12
9,2024-10-29 00:00:00-04:00,888.17,888.71
9,2024-10-30 00:00:00-04:00,884.43,887.59
9,2024-10-31 00:00:00-04:00,880.31,886.11
9,2024-11-01 00:00:00-04:00,878.99,885.18
9,2024-11-04 00:00:00-05:00,881.02,885.17
9,2024-11-05 00:00:00-05:00,883.74,885.56
9,2024-11-06 00:00:00-05:00,888.58,886.77
9,2024-11-07 00:00:00-05:00,896.69,889.26
9,2024-11-08 00:00:00-05:00,912.05,894.35
9,2024-11-11 00:00:00-05:00,918.65,897.92
9,2024-11-12 00:00:00-05:00,922.88,901.11
9,2024-11-13 00:00:00-05:00,926.16,904.12
9,2024-11-14 00:00:00-05:00,925.06,905.9
9,2024-11-15 00:00:00-05:00,918.73,905.92
9,2024-11-18 00:00:00-05:00,918.65,907.12
9,2024-11-19 00:00:00-05:00,922.14,909.21
9,2024-11-20 00:00:00-05:00,923.78,910.91
9,2024-11-21 00:00:00-05:00,934.05,915.07
9,2024-11-22 00:00:00-05:00,943.68,919.63
9,2024-11-25 00:00:00-05:00,949.07,923.46
9,2024-11-26 00:00:00-05:00,956.19,927.93
9,2024-11-27 00:00:00-05:00,957.62,931.03
9,2024-11-29 00:00:00-05:00,962.02,934.82
9,2024-12-02 00:00:00-05:00,965.99,938.55
9,2024-12-03 00:00:00-05:00,971.01,942.59
9,2024-12-04 00:00:00-05:00,977.28,947.09
9,2024-12-05 00:00:00-05:00,978.58,950.34
9,2024-12-06 00:00:00-05:00,982.89,954.26
9,2024-12-09 00:00:00-05:00,984.18,957.36
9,2024-12-10 00:00:00-05:00,986.89,960.68
9,2024-12-11 00:00:00-05:00,989.12,963.82
9,2024-12-12 00:00:00-05:00,988.52,966.06
9,2024-12-13 00:00:00-05:00,988.43,968.17
9,2024-12-16 00:00:00-05:00,989.54,970.42
9,2024-12-17 00:00:00-05:00,986.7,971.43
9,2024-12-18 00:00:00-05:00,979.02,970.69
9,2024-12-19 00:00:00-05:00,970.6,969.07
9,2024-12-20 00:00:00-05:00,964.74,967.54
9,2024-12-23 00:00:00-05:00,959.45,965.77
9,2024-12-24 00:00:00-05:00,958.88,965.0
9,2024-12-26 00:00:00-05:00,957.62,964.06
9,2024-12-27 00:00:00-05:00,951.3,961.64
9,2024-12-30 00:00:00-05:00,941.26,957.79
9,2024-12-31 00:00:00-05:00,932.6,953.74
9,2025-01-02 00:00:00-05:00,924.67,949.46
9,2025-01-03 00:00:00-05:00,921.63,946.23
9,2025-01-06 00:00:00-05:00,921.65,943.89
9,2025-01-07 00:00:00-05:00,921.22,941.65
9,2025-01-08 00:00:00-05:00,922.93,940.19
9,2025-01-10 00:00:00-05:00,927.25,939.79
9,2025-01-13 00:00:00-05:00,926.06,938.25
9,2025-01-14 00:00:00-05:00,922.78,936.15
9,2025-01-15 00:00:00-05:00,922.68,934.85
9,2025-01-16 00:00:00-05:00,921.37,933.32
9,2025-01-17 00:00:00-05:00,928.29,934.16
9,2025-01-21 00:00:00-05:00,934.42,935.35
9,2025-01-22 00:00:00-05:00,937.5,936.14
9,2025-01-23 00:00:00-05:00,938.71,936.62
9,2025-01-24 00:00:00-05:00,938.69,936.81
9,2025-01-27 00:00:00-05:00,947.19,939.42
9,2025-01-28 00:00:00-05:00,950.66,941.15
9,2025-01-29 00:00:00-05:00,954.76,943.23
9,2025-01-30 00:00:00-05:00,962.48,946.53
9,2025-01-31 00:00:00-05:00,967.92,949.6
9,2025-02-03 00:00:00-05:00,980.19,954.85
9,2025-02-04 00:00:00-05:00,993.7,961.13
9,2025-02-05 00:00:00-05:00,1009.71,968.8
9,2025-02-06 00:00:00-05:00,1023.08,976.52
9,2025-02-07 00:00:00-05:00,1029.99,982.93
9,2025-02-10 00:00:00-05:00,1040.64,990.45
9,2025-02-11 00:00:00-05:00,1046.54,996.92
9,2025-02-12 00:00:00-05:00,1052.73,1003.41
9,2025-02-13 00:00:00-05:00,1060.77,1010.41
9,2025-02-14 00:00:00-05:00,1064.47,1016.26
9,2025-02-18 00:00:00-05:00,1061.65,1020.05
9,2025-02-19 00:00:00-05:00,1061.95,1024.09
9,2025-02-20 00:00:00-05:00,1052.91,1025.12
9,2025-02-21 00:00:00-05:00,1046.95,1026.06
9,2025-02-24 00:00:00-05:00,1043.17,1026.97
9,2025-02-25 00:00:00-05:00,1047.33,1029.7
9,2025-02-26 00:00:00-05:00,1042.21,1029.92
9,2025-02-27 00:00:00-05:00,1035.38,1029.14
9,2025-02-28 00:00:00-05:00,1039.79,1030.99
10,2024-09-03 00:00:00-04:00,158.78,158.78
10,2024-09-04 00:00:00-04:00,158.9,158.81
10,2024-09-05 00:00:00-04:00,159.92,159.11
10,2024-09-06 00:00:00-04:00,158.33,158.73
10,2024-09-09 00:00:00-04:00,159.23,158.95
10,2024-09-10 00:00:00-04:00,159.72,159.12
10,2024-09-11 00:00:00-04:00,162.62,160.0
10,2024-09-12 00:00:00-04:00,165.15,160.98
10,2024-09-13 00:00:00-04:00,167.2,161.96
10,2024-09-16 00:00:00-04:00,167.43,162.52
10,2024-09-17 00:00:00-04:00,167.01,162.87
10,2024-09-18 00:00:00-04:00,166.71,163.18
10,2024-09-19 00:00:00-04:00,169.47,164.3
10,2024-09-20 00:00:00-04:00,170.6,165.12
10,2024-09-23 00:00:00-04:00,171.57,165.92
10,2024-09-24 00:00:00-04:00,174.61,167.33
10,2024-09-25 00:00:00-04:00,176.76,168.63
10,2024-09-26 00:00:00-04:00,179.68,170.24
10,2024-09-27 00:00:00-04:00,178.69,170.86
10,2024-09-30 00:00:00-04:00,176.61,171.01
10,2024-10-01 00:00:00-04:00,174.69,171.0
10,2024-10-02 00:00:00-04:00,174.65,171.34
10,2024-10-03 00:00:00-04:00,175.84,171.99
10,2024-10-04 00:00:00-04:00,177.19,172.74
10,2024-10-07 00:00:00-04:00,179.2,173.74
10,2024-10-08 00:00:00-04:00,181.04,174.79
10,2024-10-09 00:00:00-04:00,182.64,175.84
10,2024-10-10 00:00:00-04:00,183.25,176.66
10,2024-10-11 00:00:00-04:00,185.32,177.88
10,2024-10-14 00:00:00-04:00,187.17,179.12
10,2024-10-15 00:00:00-04:00,186.72,179.75
10,2024-10-16 00:00:00-04:00,186.53,180.36
10,2024-10-17 00:00:00-04:00,192.48,182.65
10,2024-10-18 00:00:00-04:00,194.78,184.24
10,2024-10-21 00:00:00-04:00,196.7,185.8
10,2024-10-22 00:00:00-04:00,196.83,186.87
10,2024-10-23 00:00:00-04:00,197.7,188.07
10,2024-10-24 00:00:00-04:00,197.31,188.88
10,2024-10-25 00:00:00-04:00,198.88,190.13
10,2024-10-28 00:00:00-04:00,197.02,190.43
10,2024-10-29 00:00:00-04:00,196.53,190.92
10,2024-10-30 00:00:00-04:00,195.39,191.13
10,2024-10-31 00:00:00-04:00,193.33,190.94
10,2024-11-01 00:00:00-04:00,192.75,191.0
10,2024-11-04 00:00:00-05:00,191.9,190.93
10,2024-11-05 00:00:00-05:00,192.73,191.26
10,2024-11-06 00:00:00-05:00,192.44,191.32
10,2024-11-07 00:00:00-05:00,194.89,192.12
10,2024-11-08 00:00:00-05:00,196.52,192.85
10,2024-11-11 00:00:00-05:00,195.24,192.84
10,2024-11-12 00:00:00-05:00,193.63,192.61
10,2024-11-13 00:00:00-05:00,190.87,191.91
10,2024-11-14 00:00:00-05:00,189.64,191.46
10,2024-11-15 00:00:00-05:00,187.99,190.82
10,2024-11-18 00:00:00-05:00,187.38,190.38
10,2024-11-19 00:00:00-05:00,187.7,190.18
10,2024-11-20 00:00:00-05:00,187.48,189.88
10,2024-11-21 00:00:00-05:00,188.28,189.88
10,2024-11-22 00:00:00-05:00,188.44,189.77
10,2024-11-25 00:00:00-05:00,186.88,189.2
10,2024-11-26 00:00:00-05:00,185.44,188.57
10,2024-11-27 00:00:00-05:00,183.6,187.74
10,2024-11-29 00:00:00-05:00,183.52,187.33
10,2024-12-02 00:00:00-05:00,186.69,187.87
10,2024-12-03 00:00:00-05:00,190.29,188.79
10,2024-12-04 00:00:00-05:00,193.29,189.79
10,2024-12-05 00:00:00-05:00,196.48,191.03
10,2024-12-06 00:00:00-05:00,198.18,192.04
10,2024-12-09 00:00:00-05:00,198.04,192.58
10,2024-12-10 00:00:00-05:00,195.56,192.39
10,2024-12-11 00:00:00-05:00,194.78,192.47
10,2024-12-12 00:00:00-05:00,193.43,192.31
10,2024-12-13 00:00:00-05:00,195.69,193.06
10,2024-12-16 00:00:00-05:00,197.6,193.86
10,2024-12-17 00:00:00-05:00,198.36,194.43
10,2024-12-18 00:00:00-05:00,197.18,194.47
10,2024-12-19 00:00:00-05:00,196.08,194.41
10,2024-12-20 00:00:00-05:00,196.2,194.6
10,2024-12-23 00:00:00-05:00,199.65,195.74
10,2024-12-24 00:00:00-05:00,201.61,196.67
10,2024-12-26 00:00:00-05:00,201.83,197.21
10,2024-12-27 00:00:00-05:00,201.5,197.55
10,2024-12-30 00:00:00-05:00,200.87,197.75
10,2024-12-31 00:00:00-05:00,199.49,197.65
10,2025-01-02 00:00:00-05:00,199.93,197.95
10,2025-01-03 00:00:00-05:00,202.55,198.89
10,2025-01-06 00:00:00-05:00,208.09,200.82
10,2025-01-07 00:00:00-05:00,208.92,201.75
10,2025-01-08 00:00:00-05:00,208.05,202.19
10,2025-01-10 00:00:00-05:00,207.89,202.7
10,2025-01-13 00:00:00-05:00,205.45,202.5
10,2025-01-14 00:00:00-05:00,203.86,202.32
10,2025-01-15 00:00:00-05:00,204.57,202.67
10,2025-01-16 00:00:00-05:00,207.7,203.75
10,2025-01-17 00:00:00-05:00,208.69,204.41
10,2025-01-21 00:00:00-05:00,211.75,205.69
10,2025-01-22 00:00:00-05:00,215.27,207.27
10,2025-01-23 00:00:00-05:00,218.1,208.84
10,2025-01-24 00:00:00-05:00,219.07,210.0
10,2025-01-27 00:00:00-05:00,209.9,208.25
10,2025-01-28 00:00:00-05:00,207.14,207.61
10,2025-01-29 00:00:00-05:00,205.27,207.04
10,2025-01-30 00:00:00-05:00,205.96,207.07
10,2025-01-31 00:00:00-05:00,206.81,207.2
10,2025-02-03 00:00:00-05:00,204.22,206.42
10,2025-02-04 00:00:00-05:00,203.9,206.12
10,2025-02-05 00:00:00-05:00,205.18,206.28
10,2025-02-06 00:00:00-05:00,206.68,206.6
10,2025-02-07 00:00:00-05:00,206.23,206.48
10,2025-02-10 00:00:00-05:00,206.53,206.54
10,2025-02-11 00:00:00-05:00,207.0,206.68
10,2025-02-12 00:00:00-05:00,206.53,206.57
10,2025-02-13 00:00:00-05:00,204.7,206.04
10,2025-02-14 00:00:00-05:00,204.17,205.77
10,2025-02-18 00:00:00-05:00,203.43,205.4
10,2025-02-19 00:00:00-05:00,202.34,204.9
10,2025-02-20 00:00:00-05:00,201.34,204.37
10,2025-02-21 00:00:00-05:00,200.05,203.72
10,2025-02-24 00:00:00-05:00,197.0,202.5
10,2025-02-25 00:00:00-05:00,194.21,201.18
10,2025-02-26 00:00:00-05:00,194.1,200.48
10,2025-02-27 00:00:00-05:00,189.53,198.57
10,2025-02-28 00:00:00-05:00,186.29,196.78
